ts	conn_count_uid_in	ssh_count_uid_in
1614855000000	9889.0	254.0
1614861600000	88.0	5.0
1614862200000	27036.0	1765.0
1614862800000	17327.0	725.0
1614863400000	12436.0	298.0
1614864000000	20467.0	1666.0
1614864600000	24675.0	2518.0
1614865200000	23927.0	2397.0
1614865800000	22374.0	1848.0
1614866400000	12893.0	624.0
1614867000000	10969.0	439.0
1614867600000	10201.0	285.0
1614868200000	9883.0	377.0
1614868800000	9780.0	275.0
1614869400000	10995.0	315.0
1614870000000	21104.0	1631.0
1614870600000	21944.0	2093.0
1614871200000	22857.0	2196.0
1614871800000	19087.0	1848.0
1614872400000	22847.0	2322.0
1614873000000	16480.0	1257.0
1614873600000	10850.0	478.0
1614874200000	15970.0	1278.0
1614874800000	10453.0	254.0
1614875400000	9881.0	299.0
1614876000000	10570.0	240.0
1614876600000	10747.0	193.0
1614877200000	12083.0	233.0
1614877800000	10116.0	218.0
1614878400000	10164.0	258.0
1614879000000	9529.0	220.0
1614879600000	14463.0	191.0
1614880200000	10797.0	265.0
1614880800000	2.0	
1614881400000	7174.0	320.0
1614882000000	9738.0	312.0
1614882600000	9934.0	248.0
1614883200000	10858.0	332.0
1614883800000	14620.0	331.0
1614884400000	15238.0	232.0
1614885000000	10905.0	288.0
1614885600000	9027.0	424.0
1614886200000	10451.0	276.0
1614886800000	10448.0	411.0
1614887400000	14144.0	362.0
1614888000000	19036.0	3935.0
1614888600000	12249.0	957.0
1614889200000	10788.0	372.0
1614889800000	10735.0	426.0
1614890400000	10790.0	298.0
1614891000000	9956.0	331.0
1614891600000	9936.0	292.0
1614892200000	11081.0	475.0
1614892800000	20318.0	1937.0
1614893400000	21041.0	2136.0
1614894000000	21405.0	2087.0
1614894600000	18430.0	1882.0
1614895200000	12748.0	510.0
1614895800000	11885.0	653.0
1614896400000	11311.0	313.0
1614897000000	11265.0	391.0
1614897600000	17584.0	4732.0
1614898200000	13419.0	293.0
1614898800000	11970.0	322.0
1614899400000	11978.0	359.0
1614900000000	10767.0	230.0
1614900600000	12643.0	251.0
1614901200000	13820.0	414.0
1614901800000	13100.0	269.0
1614902400000	10904.0	298.0
1614903000000	14249.0	312.0
1614903600000	12056.0	387.0
1614904200000	13920.0	294.0
1614904800000	11854.0	351.0
1614905400000	19933.0	279.0
1614906000000	14166.0	308.0
1614906600000	14750.0	251.0
1614907200000	12318.0	441.0
1614907800000	11937.0	506.0
1614908400000	10651.0	563.0
1614909000000	13617.0	497.0
1614909600000	11081.0	686.0
1614910200000	12609.0	570.0
1614910800000	10280.0	420.0
1614911400000	10395.0	471.0
1614912000000	10885.0	497.0
1614912600000	10889.0	516.0
1614913200000	10694.0	350.0
1614913800000	9839.0	226.0
1614914400000	9068.0	313.0
1614915000000	10375.0	354.0
1614915600000	9797.0	248.0
1614916200000	10207.0	299.0
1614916800000	10770.0	301.0
1614917400000	12520.0	308.0
1614918000000	11010.0	264.0
1614918600000	10127.0	256.0
1614919200000	11241.0	335.0
1614919800000	13324.0	409.0
1614920400000	22402.0	1856.0
1614921000000	21670.0	2045.0
1614921600000	19967.0	1969.0
1614922200000	18072.0	1329.0
1614922800000	11664.0	500.0
1614923400000	12541.0	322.0
1614924000000	12149.0	427.0
1614924600000	22216.0	1770.0
1614925200000	27924.0	2657.0
1614925800000	34221.0	4108.0
1614926400000	33722.0	3867.0
1614927000000	32808.0	2363.0
1614927600000	19397.0	1514.0
1614928200000	14743.0	949.0
1614928800000	12828.0	891.0
1614929400000	12849.0	957.0
1614930000000	12858.0	792.0
1614930600000	13314.0	452.0
1614931200000	13867.0	2205.0
1614931800000	16268.0	2552.0
1614932400000	26887.0	4218.0
1614933000000	40359.0	5839.0
1614933600000	48407.0	6345.0
1614934200000	43375.0	5517.0
1614934800000	44649.0	4973.0
1614935400000	31732.0	3728.0
1614936000000	26940.0	2585.0
1614936600000	16955.0	1172.0
1614937200000	11937.0	449.0
1614937800000	13395.0	461.0
1614938400000	13798.0	416.0
1614939000000	14835.0	392.0
1614939600000	12624.0	519.0
1614940200000	13734.0	458.0
1614940800000	13142.0	386.0
1614941400000	14515.0	304.0
1614942000000	13429.0	364.0
1614942600000	13950.0	407.0
1614943200000	13927.0	354.0
1614943800000	13575.0	314.0
1614944400000	12138.0	251.0
1614945000000	14442.0	367.0
1614945600000	13209.0	310.0
1614946200000	12025.0	282.0
1614946800000	13225.0	274.0
1614947400000	13582.0	447.0
1614948000000	12998.0	279.0
1614948600000	20556.0	281.0
1614949200000	14808.0	243.0
1614949800000	22406.0	1416.0
1614950400000	27159.0	2819.0
1614951000000	25974.0	2323.0
1614951600000	23151.0	1670.0
1614952200000	20373.0	650.0
1614952800000	17079.0	315.0
1614953400000	19261.0	259.0
1614954000000	22868.0	1417.0
1614954600000	32303.0	2893.0
1614955200000	31611.0	2691.0
1614955800000	27697.0	1949.0
1614956400000	26662.0	2032.0
1614957000000	25257.0	1269.0
1614957600000	17118.0	597.0
1614958200000	16469.0	355.0
1614958800000	16363.0	350.0
1614959400000	17362.0	282.0
1614960000000	16190.0	369.0
1614960600000	16124.0	317.0
1614961200000	16159.0	363.0
1614961800000	15673.0	346.0
1614962400000	15141.0	390.0
1614963000000	19454.0	353.0
1614963600000	16360.0	251.0
1614964200000	15345.0	284.0
1614964800000	17259.0	355.0
1614965400000	15057.0	328.0
1614966000000	13807.0	222.0
1614966600000	14466.0	286.0
1614967200000	13521.0	315.0
1614967800000	16651.0	2375.0
1614968400000	15784.0	2796.0
1614969000000	14753.0	475.0
1614969600000	15016.0	1113.0
1614970200000	22972.0	994.0
1614970800000	16751.0	990.0
1614971400000	15254.0	1058.0
1614972000000	15036.0	1067.0
1614972600000	15224.0	1022.0
1614973200000	14599.0	998.0
1614973800000	17925.0	1063.0
1614974400000	15448.0	1111.0
1614975000000	17712.0	978.0
1614975600000	15415.0	1014.0
1614976200000	15296.0	1101.0
1614976800000	14213.0	613.0
1614977400000	15916.0	341.0
1614978000000	27583.0	1891.0
1614978600000	35302.0	4192.0
1614979200000	28020.0	2935.0
1614979800000	27480.0	3590.0
1614980400000	19922.0	1206.0
1614981000000	15889.0	378.0
1614981600000	14107.0	380.0
1614982200000	13370.0	343.0
1614982800000	14159.0	358.0
1614983400000	15266.0	292.0
1614984000000	14596.0	369.0
1614984600000	16673.0	307.0
1614985200000	14551.0	378.0
1614985800000	13845.0	376.0
1614986400000	14469.0	369.0
1614987000000	14573.0	302.0
1614987600000	14077.0	360.0
1614988200000	14049.0	316.0
1614988800000	13529.0	428.0
1614989400000	15045.0	328.0
1614990000000	15042.0	459.0
1614990600000	17680.0	301.0
1614991200000	14482.0	285.0
1614991800000	22394.0	438.0
1614992400000	16752.0	324.0
1614993000000	14922.0	366.0
1614993600000	12513.0	300.0
1614994200000	12994.0	596.0
1614994800000	14933.0	611.0
1614995400000	17960.0	604.0
1614996000000	14475.0	472.0
1614996600000	13735.0	403.0
1614997200000	13957.0	333.0
1614997800000	19223.0	1004.0
1614998400000	15675.0	317.0
1614999000000	14005.0	391.0
1614999600000	17328.0	244.0
1615000200000	13597.0	294.0
1615000800000	13614.0	211.0
1615001400000	13966.0	378.0
1615002000000	15097.0	258.0
1615002600000	15524.0	288.0
1615003200000	14332.0	319.0
1615003800000	13819.0	367.0
1615004400000	14754.0	251.0
1615005000000	14221.0	294.0
1615005600000	14498.0	354.0
1615006200000	14794.0	304.0
1615006800000	14110.0	250.0
1615007400000	14234.0	344.0
1615008000000	14084.0	329.0
1615008600000	18097.0	318.0
1615009200000	14540.0	254.0
1615009800000	14363.0	265.0
1615010400000	19028.0	821.0
1615011000000	18294.0	989.0
1615011600000	14274.0	297.0
1615012200000	15173.0	289.0
1615012800000	13952.0	344.0
1615013400000	23310.0	283.0
1615014000000	16828.0	273.0
1615014600000	15460.0	318.0
1615015200000	14637.0	235.0
1615015800000	14020.0	259.0
1615016400000	14196.0	349.0
1615017000000	15874.0	190.0
1615017600000	15321.0	298.0
1615018200000	14290.0	322.0
1615018800000	15739.0	235.0
1615019400000	14489.0	255.0
1615020000000	14408.0	214.0
1615020600000	14472.0	272.0
1615021200000	13399.0	264.0
1615021800000	14705.0	324.0
1615022400000	15098.0	412.0
1615023000000	13883.0	307.0
1615023600000	13861.0	394.0
1615024200000	14787.0	291.0
1615024800000	16238.0	380.0
1615025400000	15410.0	271.0
1615026000000	14682.0	261.0
1615026600000	15002.0	293.0
1615027200000	15442.0	334.0
1615027800000	27693.0	254.0
1615028400000	32398.0	271.0
1615029000000	29173.0	214.0
1615029600000	13816.0	308.0
1615030200000	19826.0	1086.0
1615030800000	24907.0	2248.0
1615031400000	24156.0	1956.0
1615032000000	23722.0	2026.0
1615032600000	17617.0	1024.0
1615033200000	14619.0	401.0
1615033800000	15488.0	268.0
1615034400000	14347.0	414.0
1615035000000	19729.0	2344.0
1615035600000	22300.0	3620.0
1615036200000	17664.0	3312.0
1615036800000	16698.0	2870.0
1615037400000	15902.0	2084.0
1615038000000	15531.0	1287.0
1615038600000	17913.0	923.0
1615039200000	15316.0	964.0
1615039800000	13742.0	759.0
1615040400000	14842.0	418.0
1615041000000	16742.0	366.0
1615041600000	14447.0	249.0
1615042200000	15498.0	386.0
1615042800000	13321.0	287.0
1615043400000	13801.0	370.0
1615044000000	13050.0	274.0
1615044600000	13675.0	377.0
1615045200000	13528.0	239.0
1615045800000	13882.0	397.0
1615046400000	13857.0	232.0
1615047000000	14325.0	288.0
1615047600000	13502.0	290.0
1615048200000	17408.0	2242.0
1615048800000	16927.0	1115.0
1615049400000	25837.0	1723.0
1615050000000	23763.0	1693.0
1615050600000	30777.0	3032.0
1615051200000	35513.0	3998.0
1615051800000	29139.0	2838.0
1615052400000	23152.0	1847.0
1615053000000	16478.0	663.0
1615053600000	14982.0	327.0
1615054200000	14279.0	266.0
1615054800000	15104.0	338.0
1615055400000	14486.0	353.0
1615056000000	14553.0	355.0
1615056600000	23088.0	499.0
1615057200000	17314.0	758.0
1615057800000	14831.0	774.0
1615058400000	15959.0	715.0
1615059000000	16155.0	934.0
1615059600000	15816.0	878.0
1615060200000	18740.0	922.0
1615060800000	18638.0	836.0
1615061400000	16836.0	920.0
1615062000000	14663.0	827.0
1615062600000	14687.0	805.0
1615063200000	14384.0	756.0
1615063800000	15164.0	804.0
1615064400000	14726.0	831.0
1615065000000	14937.0	994.0
1615065600000	16146.0	780.0
1615066200000	30580.0	804.0
1615066800000	29691.0	826.0
1615067400000	30654.0	648.0
1615068000000	20916.0	579.0
1615068600000	14922.0	519.0
1615069200000	22433.0	1572.0
1615069800000	29019.0	2719.0
1615070400000	21100.0	1653.0
1615071000000	15973.0	842.0
1615071600000	15243.0	867.0
1615072200000	14731.0	946.0
1615072800000	14988.0	814.0
1615073400000	22570.0	2150.0
1615074000000	25774.0	3040.0
1615074600000	26119.0	2727.0
1615075200000	22183.0	2468.0
1615075800000	16048.0	1309.0
1615076400000	14792.0	948.0
1615077000000	14514.0	914.0
1615077600000	15302.0	742.0
1615078200000	22314.0	880.0
1615078800000	15496.0	825.0
1615079400000	13927.0	603.0
1615080000000	12720.0	525.0
1615080600000	14524.0	667.0
1615081200000	15129.0	595.0
1615081800000	17354.0	623.0
1615082400000	14813.0	716.0
1615083000000	15263.0	734.0
1615083600000	15218.0	622.0
1615084200000	14202.0	704.0
1615084800000	13875.0	752.0
1615085400000	14955.0	789.0
1615086000000	14564.0	821.0
1615086600000	14432.0	699.0
1615087200000	13988.0	778.0
1615087800000	14733.0	743.0
1615088400000	14682.0	723.0
1615089000000	15032.0	690.0
1615089600000	14748.0	699.0
1615090200000	14139.0	591.0
1615090800000	14405.0	505.0
1615091400000	15317.0	615.0
1615092000000	15265.0	690.0
1615092600000	16878.0	704.0
1615093200000	14997.0	635.0
1615093800000	14682.0	648.0
1615094400000	14262.0	649.0
1615095000000	13663.0	599.0
1615095600000	13835.0	636.0
1615096200000	14776.0	591.0
1615096800000	14101.0	731.0
1615097400000	14386.0	578.0
1615098000000	14192.0	595.0
1615098600000	15232.0	895.0
1615099200000	16479.0	1170.0
1615099800000	25259.0	1150.0
1615100400000	18851.0	1129.0
1615101000000	15245.0	1045.0
1615101600000	13820.0	667.0
1615102200000	14533.0	760.0
1615102800000	14057.0	598.0
1615103400000	17375.0	734.0
1615104000000	13870.0	780.0
1615104600000	10914.0	721.0
1615105200000	8968.0	631.0
1615105800000	9376.0	775.0
1615106400000	8992.0	784.0
1615107000000	10114.0	810.0
1615107600000	9194.0	847.0
1615108200000	9272.0	951.0
1615108800000	9181.0	854.0
1615109400000	19342.0	2244.0
1615110000000	33559.0	4738.0
1615110600000	31539.0	4587.0
1615111200000	24141.0	3745.0
1615111800000	20707.0	2559.0
1615112400000	13179.0	1337.0
1615113000000	9918.0	958.0
1615113600000	11045.0	807.0
1615114200000	10369.0	856.0
1615114800000	9440.0	936.0
1615115400000	9297.0	835.0
1615116000000	9903.0	873.0
1615116600000	8611.0	868.0
1615117200000	8741.0	857.0
1615117800000	9912.0	821.0
1615118400000	8707.0	782.0
1615119000000	9597.0	787.0
1615119600000	8856.0	762.0
1615120200000	11513.0	1743.0
1615120800000	14037.0	2347.0
1615121400000	21431.0	2439.0
1615122000000	29440.0	4620.0
1615122600000	37081.0	6139.0
1615123200000	26400.0	4411.0
1615123800000	20082.0	3156.0
1615124400000	14441.0	2341.0
1615125000000	18559.0	5038.0
1615125600000	14203.0	2737.0
1615126200000	9833.0	868.0
1615126800000	9749.0	1099.0
1615127400000	8988.0	1038.0
1615128000000	9134.0	1071.0
1615128600000	10016.0	1054.0
1615129200000	8724.0	992.0
1615129800000	9241.0	1009.0
1615130400000	9378.0	967.0
1615131000000	9411.0	951.0
1615131600000	9188.0	913.0
1615132200000	9330.0	1029.0
1615132800000	9678.0	863.0
1615133400000	9033.0	903.0
1615134000000	9299.0	867.0
1615134600000	9827.0	888.0
1615135200000	10486.0	881.0
1615135800000	10611.0	959.0
1615136400000	9676.0	898.0
1615137000000	11283.0	905.0
1615137600000	9974.0	844.0
1615138200000	17965.0	1886.0
1615138800000	21129.0	2471.0
1615139400000	22034.0	2822.0
1615140000000	23377.0	3419.0
1615140600000	18304.0	2107.0
1615141200000	10168.0	1138.0
1615141800000	9240.0	901.0
1615142400000	9558.0	793.0
1615143000000	16889.0	684.0
1615143600000	10997.0	799.0
1615144200000	9727.0	848.0
1615144800000	11620.0	702.0
1615145400000	11090.0	710.0
1615146000000	9291.0	683.0
1615146600000	12537.0	717.0
1615147200000	10688.0	683.0
1615147800000	9993.0	801.0
1615148400000	9876.0	646.0
1615149000000	9536.0	654.0
1615149600000	9647.0	788.0
1615150200000	9164.0	822.0
1615150800000	8753.0	751.0
1615151400000	10010.0	823.0
1615152000000	9610.0	799.0
1615152600000	9095.0	834.0
1615153200000	9255.0	900.0
1615153800000	10192.0	877.0
1615154400000	10360.0	942.0
1615155000000	11301.0	827.0
1615155600000	8418.0	869.0
1615156200000	8904.0	818.0
1615156800000	9567.0	801.0
1615157400000	10834.0	726.0
1615158000000	9771.0	862.0
1615158600000	9532.0	804.0
1615159200000	10051.0	635.0
1615159800000	8336.0	720.0
1615160400000	11355.0	822.0
1615161000000	11751.0	864.0
1615161600000	10068.0	829.0
1615162200000	8976.0	860.0
1615162800000	10034.0	797.0
1615163400000	9962.0	835.0
1615164000000	16944.0	1799.0
1615164600000	21381.0	1433.0
1615165200000	11860.0	928.0
1615165800000	10382.0	789.0
1615166400000	11499.0	781.0
1615167000000	9262.0	978.0
1615167600000	9318.0	940.0
1615168200000	13183.0	840.0
1615168800000	10293.0	881.0
1615169400000	10163.0	886.0
1615170000000	9259.0	840.0
1615170600000	10009.0	1110.0
1615171200000	9960.0	1032.0
1615171800000	10184.0	983.0
1615172400000	11475.0	1236.0
1615173000000	15493.0	1652.0
1615173600000	10663.0	1701.0
1615174200000	11590.0	1498.0
1615174800000	11225.0	1538.0
1615175400000	11291.0	1565.0
1615176000000	9902.0	1116.0
1615176600000	9028.0	771.0
1615177200000	11577.0	807.0
1615177800000	9104.0	742.0
1615178400000	9085.0	728.0
1615179000000	10187.0	733.0
1615179600000	9795.0	756.0
1615180200000	9733.0	788.0
1615180800000	9591.0	848.0
1615181400000	18246.0	2082.0
1615182000000	20644.0	2728.0
1615182600000	21681.0	2786.0
1615183200000	17122.0	2295.0
1615183800000	21933.0	2621.0
1615184400000	20504.0	2716.0
1615185000000	13585.0	1493.0
1615185600000	16506.0	2155.0
1615186200000	24897.0	2320.0
1615186800000	18299.0	2156.0
1615187400000	18395.0	1977.0
1615188000000	23154.0	3258.0
1615188600000	24165.0	3045.0
1615189200000	27621.0	3630.0
1615189800000	29616.0	4149.0
1615190400000	23921.0	3284.0
1615191000000	21470.0	2781.0
1615191600000	14488.0	1565.0
1615192200000	12518.0	1424.0
1615192800000	11961.0	1274.0
1615193400000	13078.0	1023.0
1615194000000	10162.0	1022.0
1615194600000	12676.0	1250.0
1615195200000	10888.0	1072.0
1615195800000	11049.0	864.0
1615196400000	10625.0	792.0
1615197000000	11917.0	782.0
1615197600000	10165.0	694.0
1615198200000	10058.0	714.0
1615198800000	10193.0	753.0
1615199400000	10695.0	646.0
1615200000000	11938.0	793.0
1615200600000	12349.0	663.0
1615201200000	11595.0	689.0
1615201800000	19445.0	6045.0
1615202400000	14619.0	2369.0
1615203000000	10256.0	850.0
1615203600000	11075.0	817.0
1615204200000	12744.0	806.0
1615204800000	10946.0	817.0
1615205400000	17252.0	1883.0
1615206000000	23895.0	3010.0
1615206600000	22192.0	2867.0
1615207200000	18074.0	2394.0
1615207800000	22378.0	1324.0
1615208400000	13425.0	882.0
1615209000000	11751.0	932.0
1615209600000	10518.0	874.0
1615210200000	11154.0	989.0
1615210800000	10766.0	774.0
1615211400000	13393.0	864.0
1615212000000	11180.0	822.0
1615212600000	10096.0	815.0
1615213200000	10635.0	1058.0
1615213800000	10732.0	772.0
1615214400000	9646.0	769.0
1615215000000	10787.0	797.0
1615215600000	18477.0	1936.0
1615216200000	21414.0	2483.0
1615216800000	20130.0	2556.0
1615217400000	15068.0	1269.0
1615218000000	11627.0	827.0
1615218600000	11150.0	830.0
1615219200000	10274.0	817.0
1615219800000	22779.0	2602.0
1615220400000	22906.0	3006.0
1615221000000	22152.0	2793.0
1615221600000	13406.0	1761.0
1615222200000	18605.0	1852.0
1615222800000	29337.0	4305.0
1615223400000	30239.0	4414.0
1615224000000	29072.0	4145.0
1615224600000	27305.0	4308.0
1615225200000	22421.0	3039.0
1615225800000	23524.0	2805.0
1615226400000	24212.0	2578.0
1615227000000	15808.0	1378.0
1615227600000	10827.0	937.0
1615228200000	9884.0	943.0
1615228800000	10304.0	762.0
1615229400000	17372.0	739.0
1615230000000	12508.0	718.0
1615230600000	10408.0	857.0
1615231200000	9749.0	723.0
1615231800000	14129.0	1892.0
1615232400000	14141.0	2116.0
1615233000000	16775.0	2181.0
1615233600000	15702.0	2185.0
1615234200000	18028.0	2199.0
1615234800000	19840.0	2316.0
1615235400000	19298.0	2310.0
1615236000000	18138.0	2250.0
1615236600000	14355.0	1942.0
1615237200000	11689.0	885.0
1615237800000	9319.0	784.0
1615238400000	8749.0	772.0
1615239000000	8988.0	718.0
1615239600000	8571.0	765.0
1615240200000	9825.0	741.0
1615240800000	9221.0	1431.0
1615241400000	12084.0	1490.0
1615242000000	9267.0	1620.0
1615242600000	9245.0	1458.0
1615243200000	9375.0	1227.0
1615243800000	10434.0	890.0
1615244400000	12036.0	996.0
1615245000000	11184.0	787.0
1615245600000	11870.0	825.0
1615246200000	11512.0	839.0
1615246800000	11197.0	913.0
1615247400000	11618.0	761.0
1615248000000	11985.0	661.0
1615248600000	11509.0	669.0
1615249200000	12181.0	670.0
1615249800000	12894.0	629.0
1615250400000	12873.0	568.0
1615251000000	22074.0	623.0
1615251600000	15174.0	549.0
1615252200000	12202.0	519.0
1615252800000	12546.0	751.0
1615253400000	16375.0	2556.0
1615254000000	14698.0	2275.0
1615254600000	16828.0	2182.0
1615255200000	14579.0	2245.0
1615255800000	22613.0	2947.0
1615256400000	23759.0	2999.0
1615257000000	25375.0	2757.0
1615257600000	32511.0	3324.0
1615258200000	27087.0	2489.0
1615258800000	38144.0	3720.0
1615259400000	34985.0	3828.0
1615260000000	30031.0	3093.0
1615260600000	28109.0	2978.0
1615261200000	21090.0	2059.0
1615261800000	14737.0	1230.0
1615262400000	13380.0	922.0
1615263000000	14012.0	825.0
1615263600000	15349.0	1193.0
1615264200000	18461.0	1904.0
1615264800000	18621.0	1878.0
1615265400000	20050.0	1848.0
1615266000000	18410.0	1789.0
1615266600000	13004.0	1021.0
1615267200000	11320.0	731.0
1615267800000	11490.0	669.0
1615268400000	11273.0	637.0
1615269000000	12090.0	693.0
1615269600000	19574.0	1616.0
1615270200000	11571.0	660.0
1615270800000	10666.0	511.0
1615271400000	11334.0	596.0
1615272000000	10959.0	858.0
1615272600000	19889.0	1098.0
1615273200000	13196.0	1120.0
1615273800000	14854.0	1083.0
1615274400000	11515.0	938.0
1615275000000	11910.0	548.0
1615275600000	10571.0	566.0
1615276200000	15470.0	679.0
1615276800000	12482.0	635.0
1615277400000	14586.0	683.0
1615278000000	21252.0	1786.0
1615278600000	21450.0	1845.0
1615279200000	20709.0	1736.0
1615279800000	16848.0	1345.0
1615280400000	13219.0	980.0
1615281000000	12711.0	851.0
1615281600000	12654.0	815.0
1615282200000	13156.0	831.0
1615282800000	19298.0	1681.0
1615283400000	18592.0	3009.0
1615284000000	29522.0	4373.0
1615284600000	29895.0	3168.0
1615285200000	20086.0	2037.0
1615285800000	19697.0	1856.0
1615286400000	14954.0	1384.0
1615287000000	13820.0	1116.0
1615287600000	11933.0	806.0
1615288200000	13073.0	682.0
1615288800000	11594.0	674.0
1615289400000	18846.0	1207.0
1615290000000	17834.0	1345.0
1615290600000	20764.0	1246.0
1615291200000	14485.0	765.0
1615291800000	14376.0	570.0
1615292400000	14405.0	651.0
1615293000000	18872.0	1406.0
1615293600000	15285.0	818.0
1615294200000	22890.0	512.0
1615294800000	16200.0	504.0
1615295400000	16928.0	586.0
1615296000000	13726.0	699.0
1615296600000	14530.0	630.0
1615297200000	13469.0	669.0
1615297800000	18545.0	596.0
1615298400000	15028.0	712.0
1615299000000	13464.0	697.0
1615299600000	13953.0	749.0
1615300200000	14521.0	698.0
1615300800000	13644.0	699.0
1615301400000	12697.0	730.0
1615302000000	12476.0	807.0
1615302600000	14507.0	720.0
1615303200000	14412.0	692.0
1615303800000	13664.0	726.0
1615304400000	13471.0	647.0
1615305000000	13835.0	571.0
1615305600000	13155.0	632.0
1615306200000	12991.0	468.0
1615306800000	19670.0	1348.0
1615307400000	21520.0	1648.0
1615308000000	22512.0	1645.0
1615308600000	23507.0	1445.0
1615309200000	15594.0	967.0
1615309800000	15213.0	592.0
1615310400000	13460.0	542.0
1615311000000	14302.0	601.0
1615311600000	14697.0	729.0
1615312200000	14419.0	683.0
1615312800000	12996.0	633.0
1615313400000	16114.0	760.0
1615314000000	14590.0	750.0
1615314600000	12931.0	671.0
1615315200000	14618.0	728.0
1615315800000	23507.0	737.0
1615316400000	16979.0	742.0
1615317000000	12552.0	776.0
1615317600000	12954.0	742.0
1615318200000	13031.0	763.0
1615318800000	13484.0	790.0
1615319400000	16379.0	712.0
1615320000000	13966.0	752.0
1615320600000	12912.0	650.0
1615321200000	13128.0	699.0
1615321800000	14021.0	729.0
1615322400000	12601.0	808.0
1615323000000	14070.0	755.0
1615323600000	18074.0	1493.0
1615324200000	24747.0	2670.0
1615324800000	25104.0	2686.0
1615325400000	23754.0	2511.0
1615326000000	14121.0	1344.0
1615326600000	14602.0	878.0
1615327200000	14093.0	766.0
1615327800000	13357.0	714.0
1615328400000	13295.0	707.0
1615329000000	13704.0	789.0
1615329600000	12551.0	749.0
1615330200000	14408.0	729.0
1615330800000	13614.0	838.0
1615331400000	14594.0	719.0
1615332000000	12260.0	790.0
1615332600000	12017.0	787.0
1615333200000	15917.0	849.0
1615333800000	14449.0	952.0
1615334400000	12347.0	894.0
1615335000000	12332.0	929.0
1615335600000	12457.0	888.0
1615336200000	14196.0	855.0
1615336800000	10462.0	845.0
1615337400000	21377.0	939.0
1615338000000	12803.0	910.0
1615338600000	12157.0	916.0
1615339200000	14802.0	3547.0
1615339800000	10974.0	844.0
1615340400000	10461.0	852.0
1615341000000	13550.0	847.0
1615341600000	16064.0	4376.0
1615342200000	11033.0	718.0
1615342800000	10932.0	702.0
1615343400000	11946.0	653.0
1615344000000	18537.0	1758.0
1615344600000	20177.0	2259.0
1615345200000	16756.0	1654.0
1615345800000	10908.0	649.0
1615346400000	13592.0	601.0
1615347000000	27396.0	3158.0
1615347600000	33144.0	4553.0
1615348200000	27218.0	3488.0
1615348800000	21375.0	2496.0
1615349400000	16909.0	1920.0
1615350000000	14795.0	1365.0
1615350600000	14426.0	1284.0
1615351200000	13751.0	1274.0
1615351800000	14183.0	1248.0
1615352400000	12800.0	1384.0
1615353000000	12227.0	1284.0
1615353600000	13106.0	1359.0
1615354200000	18268.0	2192.0
1615354800000	17527.0	2258.0
1615355400000	19919.0	2275.0
1615356000000	26412.0	7477.0
1615356600000	33991.0	10633.0
1615357200000	10399.0	775.0
1615357800000	7771.0	699.0
1615358400000	7768.0	662.0
1615359000000	16863.0	653.0
1615359600000	11345.0	635.0
1615360200000	11517.0	1577.0
1615360800000	20389.0	7354.0
1615361400000	9032.0	740.0
1615362000000	8689.0	624.0
1615362600000	14283.0	640.0
1615363200000	9675.0	610.0
1615363800000	10980.0	865.0
1615364400000	21666.0	2831.0
1615365000000	21890.0	2982.0
1615365600000	18957.0	2577.0
1615366200000	11933.0	1720.0
1615366800000	11139.0	898.0
1615367400000	18966.0	1441.0
1615368000000	27943.0	3161.0
1615368600000	27196.0	3138.0
1615369200000	24475.0	2876.0
1615369800000	17670.0	1604.0
1615370400000	13975.0	731.0
1615371000000	15842.0	740.0
1615371600000	13066.0	780.0
1615372200000	16544.0	807.0
1615372800000	18291.0	1405.0
1615373400000	26295.0	2775.0
1615374000000	25584.0	2689.0
1615374600000	25637.0	2565.0
1615375200000	18656.0	1971.0
1615375800000	14116.0	1041.0
1615376400000	14624.0	898.0
1615377000000	16079.0	914.0
1615377600000	15390.0	922.0
1615378200000	16492.0	824.0
1615378800000	42265.0	794.0
1615379400000	47633.0	854.0
1615380000000	47300.0	851.0
1615380600000	57072.0	718.0
1615381200000	48075.0	705.0
1615381800000	43272.0	696.0
1615382400000	43230.0	685.0
1615383000000	42591.0	644.0
1615383600000	43630.0	670.0
1615384200000	47085.0	708.0
1615384800000	41515.0	682.0
1615385400000	43438.0	679.0
1615386000000	42974.0	773.0
1615386600000	43787.0	760.0
1615387200000	43843.0	687.0
1615387800000	48767.0	759.0
1615388400000	51847.0	1852.0
1615389000000	53172.0	2208.0
1615389600000	53999.0	2279.0
1615390200000	51912.0	2198.0
1615390800000	46759.0	1422.0
1615391400000	46350.0	950.0
1615392000000	44364.0	833.0
1615392600000	43776.0	620.0
1615393200000	43408.0	592.0
1615393800000	45488.0	546.0
1615394400000	48036.0	548.0
1615395000000	43995.0	592.0
1615395600000	49463.0	453.0
1615396200000	49128.0	528.0
1615396800000	48002.0	553.0
1615397400000	51013.0	546.0
1615398000000	49124.0	564.0
1615398600000	50466.0	613.0
1615399200000	48586.0	635.0
1615399800000	50009.0	543.0
1615400400000	49193.0	726.0
1615401000000	48369.0	579.0
1615401600000	49879.0	637.0
1615402200000	58210.0	708.0
1615402800000	50495.0	677.0
1615403400000	51449.0	724.0
1615404000000	57219.0	682.0
1615404600000	55431.0	1975.0
1615405200000	58536.0	2415.0
1615405800000	52723.0	2371.0
1615406400000	52142.0	1675.0
1615407000000	48521.0	692.0
1615407600000	50485.0	741.0
1615408200000	51092.0	734.0
1615408800000	51093.0	819.0
1615409400000	49229.0	778.0
1615410000000	51472.0	863.0
1615410600000	50229.0	1115.0
1615411200000	49421.0	1041.0
1615411800000	48698.0	898.0
1615412400000	49489.0	780.0
1615413000000	51995.0	974.0
1615413600000	52221.0	850.0
1615414200000	50172.0	832.0
1615414800000	59566.0	963.0
1615415400000	53771.0	898.0
1615416000000	54263.0	1013.0
1615416600000	53004.0	888.0
1615417200000	53115.0	984.0
1615417800000	49953.0	866.0
1615418400000	47086.0	904.0
1615419000000	48357.0	837.0
1615419600000	48234.0	907.0
1615420200000	48988.0	941.0
1615420800000	48125.0	928.0
1615421400000	47876.0	932.0
1615422000000	48766.0	848.0
1615422600000	48749.0	924.0
1615423200000	49436.0	861.0
1615423800000	56526.0	930.0
1615424400000	52077.0	930.0
1615425000000	50550.0	807.0
1615425600000	48925.0	792.0
1615426200000	47809.0	819.0
1615426800000	49131.0	758.0
1615427400000	53438.0	778.0
1615428000000	50530.0	629.0
1615428600000	49441.0	739.0
1615429200000	44652.0	726.0
1615429800000	42556.0	624.0
1615430400000	41730.0	677.0
1615431000000	43102.0	943.0
1615431600000	44712.0	747.0
1615432200000	43362.0	556.0
1615432800000	43554.0	681.0
1615433400000	44980.0	666.0
1615434000000	52937.0	2287.0
1615434600000	53488.0	2403.0
1615435200000	52854.0	2433.0
1615435800000	49953.0	2186.0
1615436400000	45240.0	1138.0
1615437000000	53893.0	2131.0
1615437600000	57725.0	5589.0
1615438200000	57250.0	4289.0
1615438800000	53864.0	2302.0
1615439400000	47919.0	1167.0
1615440000000	44555.0	686.0
1615440600000	42978.0	726.0
1615441200000	42872.0	646.0
1615441800000	52909.0	1965.0
1615442400000	54322.0	2419.0
1615443000000	53542.0	2538.0
1615443600000	56973.0	2279.0
1615444200000	48082.0	1535.0
1615444800000	48658.0	2114.0
1615445400000	59639.0	2274.0
1615446000000	54690.0	2598.0
1615446600000	56663.0	3164.0
1615447200000	57726.0	3972.0
1615447800000	59901.0	4454.0
1615448400000	55069.0	2854.0
1615449000000	51485.0	1632.0
1615449600000	39139.0	1458.0
1615450200000	17073.0	645.0
1615450800000	15093.0	725.0
1615451400000	13624.0	624.0
1615452000000	13598.0	609.0
1615452600000	14652.0	760.0
1615453200000	13767.0	534.0
1615453800000	14312.0	553.0
1615454400000	13732.0	619.0
1615455000000	14430.0	552.0
1615455600000	15213.0	475.0
1615456200000	14148.0	661.0
1615456800000	11465.0	469.0
1615457400000	11826.0	449.0
1615458000000	12220.0	573.0
1615458600000	10315.0	413.0
1615459200000	11353.0	420.0
1615459800000	11632.0	610.0
1615460400000	9488.0	452.0
1615461000000	12695.0	581.0
1615461600000	10564.0	459.0
1615462200000	10299.0	476.0
1615462800000	11016.0	713.0
1615463400000	11496.0	649.0
1615464000000	10417.0	677.0
1615464600000	9994.0	638.0
1615465200000	10378.0	622.0
1615465800000	9431.0	602.0
1615466400000	22952.0	2790.0
1615467000000	31294.0	2870.0
1615467600000	23430.0	2587.0
1615468200000	14461.0	1783.0
1615468800000	9799.0	780.0
1615469400000	10898.0	707.0
1615470000000	10935.0	871.0
1615470600000	13097.0	791.0
1615471200000	11656.0	652.0
1615471800000	10671.0	696.0
1615472400000	10414.0	758.0
1615473000000	9614.0	1076.0
1615473600000	9812.0	1168.0
1615474200000	10156.0	1049.0
1615474800000	9736.0	723.0
1615475400000	11516.0	738.0
1615476000000	11271.0	503.0
1615476600000	9976.0	536.0
1615477200000	21203.0	2282.0
1615477800000	26002.0	3143.0
1615478400000	32738.0	4605.0
1615479000000	29477.0	3981.0
1615479600000	19309.0	2503.0
1615480200000	12807.0	1538.0
1615480800000	9769.0	607.0
1615481400000	10589.0	483.0
1615482000000	10204.0	425.0
1615482600000	9239.0	467.0
1615483200000	9906.0	474.0
1615483800000	9776.0	524.0
1615484400000	8774.0	467.0
1615485000000	10988.0	546.0
1615485600000	9055.0	514.0
1615486200000	8665.0	489.0
1615486800000	10025.0	528.0
1615487400000	9329.0	557.0
1615488000000	9352.0	527.0
1615488600000	18296.0	709.0
1615489200000	12683.0	646.0
1615489800000	9035.0	560.0
1615490400000	9181.0	600.0
1615491000000	8524.0	561.0
1615491600000	8898.0	502.0
1615492200000	11869.0	504.0
1615492800000	10656.0	573.0
1615493400000	8918.0	456.0
1615494000000	9623.0	539.0
1615494600000	9100.0	505.0
1615495200000	8612.0	423.0
1615495800000	8871.0	589.0
1615496400000	8395.0	531.0
1615497000000	8704.0	474.0
1615497600000	9060.0	591.0
1615498200000	25742.0	2900.0
1615498800000	20939.0	2631.0
1615499400000	20875.0	2483.0
1615500000000	11281.0	1520.0
1615500600000	9453.0	663.0
1615501200000	8499.0	595.0
1615501800000	8162.0	467.0
1615502400000	8384.0	483.0
1615503000000	9737.0	499.0
1615503600000	13913.0	526.0
1615504200000	13097.0	422.0
1615504800000	13303.0	553.0
1615505400000	13182.0	493.0
1615506000000	12810.0	499.0
1615506600000	17903.0	547.0
1615507200000	15286.0	579.0
1615507800000	13404.0	490.0
1615508400000	13112.0	508.0
1615509000000	14036.0	580.0
1615509600000	16367.0	492.0
1615510200000	23682.0	511.0
1615510800000	15944.0	524.0
1615511400000	13627.0	541.0
1615512000000	14433.0	509.0
1615512600000	13565.0	450.0
1615513200000	13957.0	445.0
1615513800000	21379.0	455.0
1615514400000	23022.0	6150.0
1615515000000	17391.0	2011.0
1615515600000	14445.0	671.0
1615516200000	16163.0	943.0
1615516800000	13428.0	617.0
1615517400000	21995.0	1945.0
1615518000000	23015.0	2239.0
1615518600000	21829.0	1884.0
1615519200000	22633.0	2082.0
1615519800000	22970.0	2018.0
1615520400000	22958.0	2124.0
1615521000000	18442.0	1589.0
1615521600000	15917.0	1060.0
1615522200000	14248.0	730.0
1615522800000	14556.0	762.0
1615523400000	18867.0	761.0
1615524000000	15121.0	660.0
1615524600000	17262.0	721.0
1615525200000	15558.0	702.0
1615525800000	14777.0	655.0
1615526400000	14702.0	654.0
1615527000000	15304.0	651.0
1615527600000	14150.0	540.0
1615528200000	15773.0	732.0
1615528800000	19908.0	1289.0
1615529400000	28353.0	2541.0
1615530000000	24971.0	2548.0
1615530600000	23493.0	2285.0
1615531200000	20565.0	2443.0
1615531800000	23607.0	786.0
1615532400000	20131.0	980.0
1615533000000	28583.0	2922.0
1615533600000	27815.0	2936.0
1615534200000	19485.0	2450.0
1615534800000	11481.0	1386.0
1615535400000	21442.0	1745.0
1615536000000	16977.0	1688.0
1615536600000	15466.0	1666.0
1615537200000	15041.0	1691.0
1615537800000	11716.0	1114.0
1615538400000	10675.0	577.0
1615539000000	10807.0	577.0
1615539600000	10612.0	637.0
1615540200000	22365.0	2177.0
1615540800000	24263.0	2720.0
1615541400000	21280.0	2485.0
1615542000000	16122.0	1982.0
1615542600000	13321.0	693.0
1615543200000	9925.0	504.0
1615543800000	13994.0	781.0
1615544400000	14741.0	541.0
1615545000000	14548.0	456.0
1615545600000	14570.0	380.0
1615546200000	17343.0	455.0
1615546800000	16465.0	497.0
1615547400000	16255.0	482.0
1615548000000	14425.0	495.0
1615548600000	16691.0	534.0
1615549200000	15012.0	555.0
1615549800000	21929.0	1370.0
1615550400000	27244.0	2650.0
1615551000000	27036.0	2643.0
1615551600000	22689.0	2065.0
1615552200000	16975.0	1244.0
1615552800000	16537.0	689.0
1615553400000	23248.0	587.0
1615554000000	18040.0	518.0
1615554600000	16374.0	673.0
1615555200000	16205.0	713.0
1615555800000	15850.0	511.0
1615556400000	15661.0	620.0
1615557000000	18943.0	467.0
1615557600000	15061.0	458.0
1615558200000	16192.0	519.0
1615558800000	15335.0	542.0
1615559400000	16222.0	634.0
1615560000000	15246.0	697.0
1615560600000	18213.0	849.0
1615561200000	27602.0	2686.0
1615561800000	27252.0	2656.0
1615562400000	24448.0	2231.0
1615563000000	18077.0	1453.0
1615563600000	15763.0	1145.0
1615564200000	15272.0	1124.0
1615564800000	15230.0	1152.0
1615565400000	15637.0	1128.0
1615566000000	14952.0	559.0
1615566600000	14448.0	636.0
1615567200000	14973.0	548.0
1615567800000	23911.0	1170.0
1615568400000	29759.0	1859.0
1615569000000	31842.0	2102.0
1615569600000	34798.0	2685.0
1615570200000	18777.0	1105.0
1615570800000	14813.0	560.0
1615571400000	16068.0	465.0
1615572000000	13861.0	599.0
1615572600000	13418.0	566.0
1615573200000	13590.0	639.0
1615573800000	14484.0	555.0
1615574400000	14736.0	577.0
1615575000000	22609.0	542.0
1615575600000	16683.0	534.0
1615576200000	13672.0	600.0
1615576800000	13950.0	563.0
1615577400000	14265.0	574.0
1615578000000	16062.0	460.0
1615578600000	16433.0	571.0
1615579200000	16507.0	519.0
1615579800000	13865.0	494.0
1615580400000	14901.0	512.0
1615581000000	15578.0	622.0
1615581600000	14673.0	510.0
1615582200000	13512.0	639.0
1615582800000	14324.0	660.0
1615583400000	14498.0	577.0
1615584000000	14810.0	733.0
1615584600000	14789.0	805.0
1615585200000	15031.0	980.0
1615585800000	15728.0	992.0
1615586400000	15263.0	960.0
1615587000000	22379.0	1556.0
1615587600000	30299.0	3677.0
1615588200000	27337.0	3160.0
1615588800000	21855.0	2041.0
1615589400000	18549.0	923.0
1615590000000	14493.0	979.0
1615590600000	14277.0	1363.0
1615591200000	13306.0	635.0
1615591800000	13017.0	479.0
1615592400000	13975.0	633.0
1615593000000	19099.0	2890.0
1615593600000	17908.0	2871.0
1615594200000	12814.0	451.0
1615594800000	13809.0	559.0
1615595400000	12822.0	436.0
1615596000000	12754.0	516.0
1615596600000	22348.0	617.0
1615597200000	18243.0	597.0
1615597800000	13908.0	476.0
1615598400000	16271.0	673.0
1615599000000	14970.0	629.0
1615599600000	14456.0	565.0
1615600200000	16785.0	616.0
1615600800000	26419.0	516.0
1615601400000	14562.0	546.0
1615602000000	14290.0	670.0
1615602600000	14186.0	619.0
1615603200000	13884.0	580.0
1615603800000	14312.0	688.0
1615604400000	17387.0	609.0
1615605000000	14905.0	462.0
1615605600000	14439.0	628.0
1615606200000	14450.0	398.0
1615606800000	13578.0	440.0
1615607400000	13784.0	584.0
1615608000000	14058.0	514.0
1615608600000	14159.0	516.0
1615609200000	14972.0	715.0
1615609800000	13723.0	766.0
1615610400000	15125.0	537.0
1615611000000	15281.0	581.0
1615611600000	15192.0	619.0
1615612200000	13737.0	595.0
1615612800000	12872.0	582.0
1615613400000	12912.0	620.0
1615614000000	18939.0	1438.0
1615614600000	34154.0	3854.0
1615615200000	35771.0	4233.0
1615615800000	35016.0	4244.0
1615616400000	34469.0	4518.0
1615617000000	39009.0	5036.0
1615617600000	33690.0	4203.0
1615618200000	32878.0	2646.0
1615618800000	21135.0	1527.0
1615619400000	13519.0	667.0
1615620000000	13244.0	632.0
1615620600000	14062.0	546.0
1615621200000	16931.0	3189.0
1615621800000	17136.0	1366.0
1615622400000	15253.0	1215.0
1615623000000	14845.0	1411.0
1615623600000	13845.0	1349.0
1615624200000	14400.0	1277.0
1615624800000	15098.0	1229.0
1615625400000	22365.0	2316.0
1615626000000	28469.0	3302.0
1615626600000	26005.0	2979.0
1615627200000	21692.0	2781.0
1615627800000	17844.0	2134.0
1615628400000	15265.0	1865.0
1615629000000	15242.0	1742.0
1615629600000	16289.0	1855.0
1615630200000	15587.0	1662.0
1615630800000	16043.0	1659.0
1615631400000	16563.0	1579.0
1615632000000	15277.0	533.0
1615632600000	15667.0	492.0
1615633200000	14564.0	592.0
1615633800000	14987.0	564.0
1615634400000	14430.0	508.0
1615635000000	14946.0	542.0
1615635600000	13716.0	503.0
1615636200000	15472.0	542.0
1615636800000	14848.0	552.0
1615637400000	16065.0	528.0
1615638000000	16819.0	633.0
1615638600000	14880.0	566.0
1615639200000	13653.0	606.0
1615639800000	22086.0	613.0
1615640400000	15992.0	588.0
1615641000000	14709.0	620.0
1615641600000	14997.0	633.0
1615642200000	14703.0	621.0
1615642800000	14252.0	605.0
1615643400000	16561.0	495.0
1615644000000	16526.0	575.0
1615644600000	14612.0	537.0
1615645200000	14517.0	539.0
1615645800000	15192.0	620.0
1615646400000	14725.0	670.0
1615647000000	13746.0	644.0
1615647600000	13761.0	647.0
1615648200000	14787.0	698.0
1615648800000	14815.0	542.0
1615649400000	12789.0	612.0
1615650000000	13765.0	557.0
1615650600000	13770.0	491.0
1615651200000	13711.0	520.0
1615651800000	14579.0	638.0
1615652400000	13881.0	468.0
1615653000000	14136.0	623.0
1615653600000	13183.0	616.0
1615654200000	15164.0	573.0
1615654800000	13737.0	443.0
1615655400000	13380.0	560.0
1615656000000	12623.0	392.0
1615656600000	18957.0	911.0
1615657200000	30990.0	2054.0
1615657800000	30569.0	1979.0
1615658400000	30988.0	2151.0
1615659000000	27748.0	1950.0
1615659600000	15457.0	657.0
1615660200000	13432.0	468.0
1615660800000	14825.0	511.0
1615661400000	22808.0	607.0
1615662000000	17099.0	589.0
1615662600000	15059.0	514.0
1615663200000	14715.0	692.0
1615663800000	14331.0	560.0
1615664400000	13825.0	566.0
1615665000000	16608.0	779.0
1615665600000	13843.0	564.0
1615666200000	13263.0	629.0
1615666800000	13050.0	572.0
1615667400000	13453.0	655.0
1615668000000	15137.0	618.0
1615668600000	13526.0	739.0
1615669200000	15886.0	645.0
1615669800000	13693.0	596.0
1615670400000	14253.0	589.0
1615671000000	15888.0	655.0
1615671600000	13408.0	530.0
1615672200000	14283.0	635.0
1615672800000	13318.0	676.0
1615673400000	13692.0	556.0
1615674000000	14503.0	666.0
1615674600000	14479.0	635.0
1615675200000	16396.0	722.0
1615675800000	15632.0	723.0
1615676400000	16745.0	758.0
1615677000000	14114.0	817.0
1615677600000	13559.0	759.0
1615678200000	14496.0	786.0
1615678800000	22380.0	1905.0
1615679400000	30178.0	3417.0
1615680000000	24821.0	2838.0
1615680600000	18508.0	2029.0
1615681200000	13974.0	906.0
1615681800000	15491.0	736.0
1615682400000	21066.0	1441.0
1615683000000	22639.0	662.0
1615683600000	15588.0	587.0
1615684200000	13071.0	492.0
1615684800000	16154.0	774.0
1615685400000	14789.0	496.0
1615686000000	14354.0	505.0
1615686600000	16656.0	674.0
1615687200000	13445.0	529.0
1615687800000	16383.0	566.0
1615688400000	13986.0	546.0
1615689000000	14661.0	509.0
1615689600000	13750.0	526.0
1615690200000	13734.0	531.0
1615690800000	16027.0	666.0
1615691400000	14086.0	629.0
1615692000000	21926.0	1480.0
1615692600000	27103.0	2424.0
1615693200000	27141.0	2526.0
1615693800000	37685.0	8889.0
1615694400000	23629.0	2776.0
1615695000000	14732.0	712.0
1615695600000	15569.0	699.0
1615696200000	20295.0	1640.0
1615696800000	14062.0	667.0
1615697400000	14409.0	632.0
1615698000000	13995.0	572.0
1615698600000	14517.0	697.0
1615699200000	14110.0	602.0
1615699800000	13680.0	623.0
1615700400000	14163.0	807.0
1615701000000	13718.0	582.0
1615701600000	14594.0	638.0
1615702200000	15018.0	622.0
1615702800000	15148.0	908.0
1615703400000	14236.0	642.0
1615704000000	16958.0	614.0
1615704600000	37526.0	2591.0
1615705200000	28882.0	2902.0
1615705800000	25522.0	2621.0
1615706400000	20386.0	2035.0
1615707000000	26254.0	2328.0
1615707600000	31956.0	3428.0
1615708200000	30114.0	2785.0
1615708800000	22438.0	1840.0
1615709400000	14835.0	728.0
1615710000000	14462.0	613.0
1615710600000	19226.0	1402.0
1615711200000	23894.0	2391.0
1615711800000	24235.0	2458.0
1615712400000	21205.0	2103.0
1615713000000	17103.0	1145.0
1615713600000	14698.0	628.0
1615714200000	15085.0	459.0
1615714800000	21039.0	1217.0
1615715400000	28578.0	2571.0
1615716000000	31747.0	2495.0
1615716600000	27580.0	2387.0
1615717200000	27108.0	1770.0
1615717800000	27714.0	2516.0
1615718400000	25217.0	2510.0
1615719000000	22488.0	1985.0
1615719600000	15295.0	885.0
1615720200000	13532.0	489.0
1615720800000	15921.0	485.0
1615721400000	14685.0	500.0
1615722000000	15671.0	1750.0
1615722600000	18586.0	2356.0
1615723200000	16103.0	2288.0
1615723800000	15120.0	1974.0
1615724400000	15557.0	1825.0
1615725000000	14978.0	1114.0
1615725600000	14971.0	819.0
1615726200000	21803.0	534.0
1615726800000	17659.0	482.0
1615727400000	14871.0	328.0
1615728000000	13109.0	353.0
1615728600000	15509.0	340.0
1615729200000	13811.0	254.0
1615729800000	14924.0	199.0
1615730400000	13448.0	372.0
1615731000000	14598.0	320.0
1615731600000	17759.0	921.0
1615732200000	13986.0	575.0
1615732800000	12350.0	174.0
1615733400000	13472.0	293.0
1615734000000	13005.0	181.0
1615734600000	13691.0	186.0
1615735200000	13386.0	273.0
1615735800000	14220.0	312.0
1615736400000	14011.0	412.0
1615737000000	13541.0	423.0
1615737600000	14082.0	358.0
1615738200000	13983.0	318.0
1615738800000	15213.0	662.0
1615739400000	16666.0	499.0
1615740000000	15836.0	687.0
1615740600000	18595.0	846.0
1615741200000	28132.0	2440.0
1615741800000	26531.0	2580.0
1615742400000	23780.0	2328.0
1615743000000	20896.0	1794.0
1615743600000	15120.0	602.0
1615744200000	15195.0	571.0
1615744800000	14851.0	529.0
1615745400000	16250.0	491.0
1615746000000	13755.0	525.0
1615746600000	15477.0	556.0
1615747200000	15827.0	509.0
1615747800000	21801.0	539.0
1615748400000	16193.0	620.0
1615749000000	13815.0	560.0
1615749600000	13818.0	584.0
1615750200000	13680.0	594.0
1615750800000	13191.0	591.0
1615751400000	19849.0	690.0
1615752000000	14548.0	690.0
1615752600000	15183.0	711.0
1615753200000	10468.0	654.0
1615753800000	11694.0	742.0
1615754400000	13401.0	641.0
1615755000000	16368.0	683.0
1615755600000	17538.0	702.0
1615756200000	14173.0	659.0
1615756800000	14116.0	804.0
1615757400000	14239.0	680.0
1615758000000	15153.0	732.0
1615758600000	14329.0	797.0
1615759200000	13928.0	729.0
1615759800000	14853.0	694.0
1615760400000	14269.0	826.0
1615761000000	14241.0	608.0
1615761600000	13794.0	614.0
1615762200000	30268.0	9963.0
1615762800000	20320.0	3624.0
1615763400000	14762.0	807.0
1615764000000	15260.0	935.0
1615764600000	14624.0	732.0
1615765200000	15111.0	863.0
1615765800000	16418.0	875.0
1615766400000	14558.0	880.0
1615767000000	14678.0	821.0
1615767600000	14162.0	829.0
1615768200000	19699.0	1483.0
1615768800000	24580.0	2400.0
1615769400000	32040.0	2499.0
1615770000000	26362.0	2365.0
1615770600000	22746.0	2037.0
1615771200000	15817.0	993.0
1615771800000	16013.0	896.0
1615772400000	15753.0	662.0
1615773000000	16169.0	747.0
1615773600000	14406.0	683.0
1615774200000	14444.0	546.0
1615774800000	14865.0	702.0
1615775400000	14059.0	661.0
1615776000000	14814.0	673.0
1615776600000	16899.0	646.0
1615777200000	15151.0	776.0
1615777800000	16283.0	781.0
1615778400000	14614.0	841.0
1615779000000	14803.0	776.0
1615779600000	14729.0	662.0
1615780200000	14254.0	768.0
1615780800000	17599.0	732.0
1615781400000	16085.0	765.0
1615782000000	17591.0	782.0
1615782600000	16271.0	764.0
1615783200000	16235.0	647.0
1615783800000	22550.0	1506.0
1615784400000	25631.0	2002.0
1615785000000	25517.0	2036.0
1615785600000	27701.0	2492.0
1615786200000	32166.0	3506.0
1615786800000	28573.0	3278.0
1615787400000	26648.0	2709.0
1615788000000	19375.0	1770.0
1615788600000	13999.0	637.0
1615789200000	14893.0	695.0
1615789800000	18533.0	1276.0
1615790400000	27152.0	2992.0
1615791000000	31786.0	2918.0
1615791600000	27631.0	2445.0
1615792200000	17727.0	1189.0
1615792800000	14751.0	709.0
1615793400000	14922.0	679.0
1615794000000	15145.0	550.0
1615794600000	16582.0	728.0
1615795200000	15809.0	571.0
1615795800000	16665.0	575.0
1615796400000	16545.0	576.0
1615797000000	16456.0	640.0
1615797600000	17117.0	546.0
1615798200000	16489.0	683.0
1615798800000	16944.0	663.0
1615799400000	29691.0	2389.0
1615800000000	40363.0	4514.0
1615800600000	39136.0	4533.0
1615801200000	34190.0	3875.0
1615801800000	27489.0	3842.0
1615802400000	24000.0	3124.0
1615803000000	27977.0	2888.0
1615803600000	32475.0	2796.0
1615804200000	32111.0	2858.0
1615804800000	29160.0	2643.0
1615805400000	31942.0	2551.0
1615806000000	31968.0	2425.0
1615806600000	27793.0	2492.0
1615807200000	26406.0	2361.0
1615807800000	20433.0	1504.0
1615808400000	16061.0	741.0
1615809000000	18709.0	657.0
1615809600000	17725.0	615.0
1615810200000	16839.0	641.0
1615810800000	17301.0	682.0
1615811400000	16746.0	549.0
1615812000000	15653.0	682.0
1615812600000	32176.0	644.0
1615813200000	21877.0	621.0
1615813800000	17646.0	1545.0
1615814400000	18395.0	2701.0
1615815000000	18695.0	2226.0
1615815600000	17120.0	539.0
1615816200000	24205.0	633.0
1615816800000	16657.0	455.0
1615817400000	16324.0	565.0
1615818000000	16369.0	592.0
1615818600000	17659.0	567.0
1615819200000	17099.0	585.0
1615819800000	15265.0	652.0
1615820400000	15450.0	535.0
1615821000000	15343.0	544.0
1615821600000	14470.0	617.0
1615822200000	15120.0	583.0
1615822800000	19859.0	1126.0
1615823400000	28358.0	2728.0
1615824000000	28815.0	2821.0
1615824600000	28756.0	2420.0
1615825200000	20015.0	1596.0
1615825800000	15112.0	679.0
1615826400000	14080.0	700.0
1615827000000	16995.0	662.0
1615827600000	28732.0	2149.0
1615828200000	23479.0	1840.0
1615828800000	16680.0	689.0
1615829400000	15833.0	860.0
1615830000000	28750.0	9103.0
1615830600000	19862.0	1552.0
1615831200000	20131.0	1457.0
1615831800000	23821.0	2341.0
1615832400000	14172.0	712.0
1615833000000	21757.0	1749.0
1615833600000	15987.0	1003.0
1615834200000	37519.0	2665.0
1615834800000	30117.0	2092.0
1615835400000	20032.0	1055.0
1615836000000	24654.0	2275.0
1615836600000	22660.0	2282.0
1615837200000	30777.0	3241.0
1615837800000	36110.0	4098.0
1615838400000	33604.0	4373.0
1615839000000	23138.0	2712.0
1615839600000	16467.0	1257.0
1615840200000	15904.0	998.0
1615840800000	21075.0	1295.0
1615841400000	27326.0	2714.0
1615842000000	28895.0	2930.0
1615842600000	23568.0	2509.0
1615843200000	17493.0	1644.0
1615843800000	15445.0	976.0
1615844400000	15177.0	682.0
1615845000000	15999.0	647.0
1615845600000	14556.0	707.0
1615846200000	15553.0	652.0
1615846800000	15347.0	716.0
1615847400000	18173.0	1427.0
1615848000000	17492.0	1366.0
1615848600000	19948.0	1323.0
1615849200000	17610.0	1370.0
1615849800000	14710.0	852.0
1615850400000	14193.0	760.0
1615851000000	14719.0	828.0
1615851600000	15023.0	785.0
1615852200000	16559.0	705.0
1615852800000	16642.0	756.0
1615853400000	18750.0	689.0
1615854000000	15733.0	634.0
1615854600000	15022.0	793.0
1615855200000	14852.0	570.0
1615855800000	24345.0	632.0
1615856400000	17961.0	767.0
1615857000000	17481.0	576.0
1615857600000	14995.0	750.0
1615858200000	14886.0	893.0
1615858800000	14131.0	809.0
1615859400000	16821.0	762.0
1615860000000	15269.0	782.0
1615860600000	15339.0	650.0
1615861200000	13790.0	685.0
1615861800000	14908.0	717.0
1615862400000	14550.0	628.0
1615863000000	15431.0	633.0
1615863600000	15916.0	822.0
1615864200000	17232.0	783.0
1615864800000	33622.0	3563.0
1615865400000	33026.0	4039.0
1615866000000	36161.0	3768.0
1615866600000	29147.0	3489.0
1615867200000	18169.0	1485.0
1615867800000	15191.0	675.0
1615868400000	15278.0	631.0
1615869000000	15412.0	742.0
1615869600000	19912.0	1361.0
1615870200000	31064.0	3218.0
1615870800000	28762.0	2837.0
1615871400000	23333.0	2094.0
1615872000000	18795.0	983.0
1615872600000	15131.0	645.0
1615873200000	15082.0	575.0
1615873800000	16131.0	604.0
1615874400000	17719.0	831.0
1615875000000	24934.0	2127.0
1615875600000	30924.0	3109.0
1615876200000	33051.0	3734.0
1615876800000	27324.0	2493.0
1615877400000	32369.0	2611.0
1615878000000	21052.0	1414.0
1615878600000	16912.0	782.0
1615879200000	15546.0	723.0
1615879800000	14801.0	676.0
1615880400000	14643.0	708.0
1615881000000	26511.0	2323.0
1615881600000	26821.0	2629.0
1615882200000	28626.0	2582.0
1615882800000	23055.0	2117.0
1615883400000	18073.0	956.0
1615884000000	16122.0	615.0
1615884600000	16257.0	667.0
1615885200000	16744.0	686.0
1615885800000	18915.0	1237.0
1615886400000	20731.0	1263.0
1615887000000	18893.0	1276.0
1615887600000	19453.0	1192.0
1615888200000	18715.0	1142.0
1615888800000	16753.0	923.0
1615889400000	17221.0	686.0
1615890000000	18591.0	2442.0
1615890600000	17378.0	622.0
1615891200000	17772.0	503.0
1615891800000	19197.0	644.0
1615892400000	17032.0	679.0
1615893000000	21140.0	1167.0
1615893600000	32424.0	3981.0
1615894200000	32403.0	4995.0
1615894800000	30990.0	4694.0
1615895400000	29881.0	3930.0
1615896000000	22062.0	1868.0
1615896600000	20290.0	1400.0
1615897200000	27488.0	5677.0
1615897800000	34335.0	10034.0
1615898400000	22098.0	1750.0
1615899000000	37065.0	1712.0
1615899600000	23465.0	1166.0
1615900200000	17342.0	1074.0
1615900800000	18236.0	1174.0
1615901400000	16804.0	1068.0
1615902000000	17088.0	694.0
1615902600000	26595.0	1698.0
1615903200000	28944.0	2485.0
1615903800000	24763.0	2260.0
1615904400000	26010.0	2393.0
1615905000000	20754.0	1796.0
1615905600000	18023.0	802.0
1615906200000	16813.0	752.0
1615906800000	17241.0	651.0
1615907400000	16163.0	649.0
1615908000000	18855.0	905.0
1615908600000	17012.0	804.0
1615909200000	18362.0	1069.0
1615909800000	17563.0	1192.0
1615910400000	20395.0	1166.0
1615911000000	20111.0	1594.0
1615911600000	20455.0	1539.0
1615912200000	20257.0	1697.0
1615912800000	19798.0	1417.0
1615913400000	18901.0	1321.0
1615914000000	16191.0	801.0
1615914600000	23271.0	1503.0
1615915200000	18337.0	1036.0
1615915800000	15254.0	646.0
1615916400000	15623.0	575.0
1615917000000	17005.0	715.0
1615917600000	18716.0	639.0
1615918200000	17000.0	654.0
1615918800000	14630.0	620.0
1615919400000	15359.0	729.0
1615920000000	15820.0	677.0
1615920600000	24092.0	571.0
1615921200000	17907.0	723.0
1615921800000	15372.0	592.0
1615922400000	15413.0	504.0
1615923000000	14771.0	467.0
1615923600000	15485.0	583.0
1615924200000	17347.0	475.0
1615924800000	14754.0	539.0
1615925400000	15495.0	508.0
1615926000000	14691.0	486.0
1615926600000	14657.0	561.0
1615927200000	16769.0	656.0
1615927800000	16473.0	638.0
1615928400000	15835.0	713.0
1615929000000	14903.0	815.0
1615929600000	14462.0	651.0
1615930200000	21779.0	1594.0
1615930800000	24818.0	2473.0
1615931400000	25402.0	2416.0
1615932000000	14613.0	828.0
1615932600000	13964.0	674.0
1615933200000	14064.0	674.0
1615933800000	14421.0	658.0
1615934400000	14196.0	645.0
1615935000000	16346.0	604.0
1615935600000	15253.0	724.0
1615936200000	15285.0	937.0
1615936800000	14891.0	971.0
1615937400000	14298.0	969.0
1615938000000	14527.0	917.0
1615938600000	16697.0	907.0
1615939200000	16449.0	942.0
1615939800000	15085.0	872.0
1615940400000	13860.0	929.0
1615941000000	14313.0	705.0
1615941600000	14012.0	586.0
1615942200000	22049.0	728.0
1615942800000	16864.0	583.0
1615943400000	14315.0	676.0
1615944000000	16326.0	1294.0
1615944600000	17215.0	2504.0
1615945200000	16074.0	2421.0
1615945800000	18042.0	2388.0
1615946400000	16341.0	1656.0
1615947000000	16880.0	791.0
1615947600000	17487.0	901.0
1615948200000	28102.0	2547.0
1615948800000	39724.0	4573.0
1615949400000	38674.0	4827.0
1615950000000	32749.0	3764.0
1615950600000	28035.0	3342.0
1615951200000	27505.0	2893.0
1615951800000	28353.0	2778.0
1615952400000	33971.0	3793.0
1615953000000	29288.0	3234.0
1615953600000	26571.0	2542.0
1615954200000	19974.0	1937.0
1615954800000	18648.0	1317.0
1615955400000	21294.0	1413.0
1615956000000	17611.0	962.0
1615956600000	17105.0	822.0
1615957200000	18625.0	640.0
1615957800000	17954.0	1518.0
1615958400000	17750.0	1261.0
1615959000000	26420.0	2027.0
1615959600000	26947.0	2450.0
1615960200000	27562.0	2353.0
1615960800000	22468.0	1889.0
1615961400000	18440.0	1320.0
1615962000000	17361.0	910.0
1615962600000	15777.0	725.0
1615963200000	15103.0	681.0
1615963800000	24674.0	608.0
1615964400000	33349.0	10322.0
1615965000000	21071.0	2659.0
1615965600000	20933.0	1345.0
1615966200000	26107.0	1807.0
1615966800000	32398.0	3331.0
1615967400000	28799.0	2581.0
1615968000000	20487.0	1881.0
1615968600000	18057.0	694.0
1615969200000	16842.0	575.0
1615969800000	16690.0	508.0
1615970400000	17880.0	656.0
1615971000000	18067.0	674.0
1615971600000	16343.0	638.0
1615972200000	17590.0	811.0
1615972800000	16218.0	729.0
1615973400000	16729.0	662.0
1615974000000	17447.0	587.0
1615974600000	16110.0	597.0
1615975200000	19833.0	1074.0
1615975800000	24205.0	1951.0
1615976400000	16477.0	723.0
1615977000000	16337.0	592.0
1615977600000	16919.0	712.0
1615978200000	20758.0	1822.0
1615978800000	20933.0	2465.0
1615979400000	20906.0	2224.0
1615980000000	19569.0	2001.0
1615980600000	29841.0	2957.0
1615981200000	29977.0	2450.0
1615981800000	34040.0	2739.0
1615982400000	37298.0	3192.0
1615983000000	27614.0	2312.0
1615983600000	24813.0	2031.0
1615984200000	20637.0	1762.0
1615984800000	22754.0	1646.0
1615985400000	28168.0	1034.0
1615986000000	19817.0	690.0
1615986600000	16501.0	609.0
1615987200000	16550.0	553.0
1615987800000	17956.0	587.0
1615988400000	15547.0	533.0
1615989000000	15796.0	373.0
1615989600000	16764.0	481.0
1615990200000	14496.0	361.0
1615990800000	14575.0	389.0
1615991400000	17054.0	521.0
1615992000000	15826.0	678.0
1615992600000	14019.0	396.0
1615993200000	13709.0	416.0
1615993800000	14494.0	434.0
1615994400000	15154.0	581.0
1615995000000	15781.0	766.0
1615995600000	15193.0	782.0
1615996200000	20239.0	1394.0
1615996800000	28962.0	3041.0
1615997400000	23375.0	1710.0
1615998000000	16481.0	769.0
1615998600000	15434.0	828.0
1615999200000	15720.0	727.0
1615999800000	17538.0	673.0
1616000400000	16376.0	687.0
1616001000000	15486.0	568.0
1616001600000	15326.0	559.0
1616002200000	17105.0	748.0
1616002800000	26657.0	2344.0
1616003400000	28884.0	2445.0
1616004000000	23318.0	1787.0
1616004600000	20599.0	1788.0
1616005200000	15894.0	1177.0
