conn_count_uid_in	conn_count_uid_out	dns_count_uid_out	http_count_uid_in	ssl_count_uid_in
14263	2481	602	1734	520
13306	3052	1135	999	537
13001	2299	574	1122	528
13192	2124	454	868	437
11424	2414	641	628	286
14923	1796	181	2319	336
26859	2872	1275	1252	299
25819	3581	1792	685	450
20175	3130	1501	670	543
13340	2403	839	599	267
14958	2421	687	816	601
21519	4210	940	8619	780
15822	6659	435	3598	726
12970	4708	971	582	360
10523	2240	458	541	351
13010	2247	566	644	337
17563	2649	973	775	297
21264	2438	731	2323	326
17586	2375	751	1105	257
15918	2644	1090	670	358
11137	1867	273	747	350
11468	2076	382	620	297
11199	1986	342	564	289
12400	1964	257	921	355
11844	1808	167	723	295
14902	2729	930	477	383
12302	1952	300	608	368
11583	2308	508	534	297
11262	1982	356	735	304
13874	2012	366	895	368
13345	2179	484	729	400
12801	2474	719	632	360
11525	1924	344	577	428
12111	2575	533	861	316
10335	1940	356	597	241
13234	2059	390	1909	376
18644	1836	192	957	232
18482	2739	1252	1024	335
20603	1943	352	1597	353
19770	1976	355	580	243
16089	1997	503	651	260
12302	1734	121	2314	355
11776	1851	136	1141	189
12601	2347	560	709	344
11610	2107	384	814	308
10768	1605	171	602	247
12621	1970	248	825	269
18435	3063	322	8852	271
13437	1946	124	3832	223
12745	2152	480	733	301
25122	2312	847	627	316
22700	2008	655	580	250
24500	1724	395	616	236
23958	1817	271	2205	302
19880	2014	275	1090	229
12484	2186	532	512	304
24382	2021	315	617	307
26466	1746	475	642	235
25855	1799	336	687	321
20263	1775	271	948	304
11664	1832	144	809	343
10103	2050	414	549	306
9740	1314	128	638	317
10528	1522	92	531	239
10058	1733	175	691	220
11002	1794	148	616	327
10810	1338	120	393	233
10004	1713	461	441	293
10085	1878	185	499	343
10298	1627	68	519	294
9058	1449	120	574	360
10999	1545	222	1862	294
10788	1841	86	1239	307
9819	1571	416	455	311
10563	1626	108	570	324
12090	1411	94	489	255
10100	1469	62	431	227
12396	1481	95	2093	279
11375	1504	94	1078	235
10072	2309	441	562	339
9626	1235	136	560	334
10504	1516	180	356	263
12318	1693	135	770	236
18831	2605	204	8712	280
13032	1437	81	3439	224
10790	1891	435	657	290
9561	1215	77	505	324
10606	1349	137	553	257
11161	1663	150	473	244
12283	1323	83	2277	271
12643	1493	199	937	245
13091	2066	774	513	319
31495	3015	1711	724	323
21673	1417	252	528	263
20534	1430	234	438	246
20713	1694	267	815	307
16110	1471	212	497	235
11915	1527	411	447	342
10345	1669	120	495	342
10853	1429	207	471	258
10091	1362	167	516	275
10366	1696	150	542	306
9800	1183	263	545	241
9955	2039	396	579	315
10343	1493	262	574	371
10791	1487	216	511	285
10244	1669	63	448	233
12266	950	117	2050	332
11393	1685	129	962	263
10162	1308	474	459	324
9972	1666	233	542	458
9529	1535	133	483	336
10346	1104	185	550	253
12455	1767	222	1635	299
14742	1318	530	1650	240
13484	2980	1066	542	349
11621	1621	380	660	316
11514	1712	504	511	260
13274	1695	420	850	230
20894	2763	483	9457	291
25720	2302	372	3870	239
22515	2448	1837	578	336
15740	1941	377	705	321
17417	1161	387	766	240
17239	2235	555	698	231
13480	1069	260	2344	289
13191	1916	312	1247	239
15798	1867	1056	938	326
13401	2121	561	593	333
12019	1451	465	541	240
12599	1724	346	730	268
12742	1691	566	1001	345
12678	2397	1151	964	204
14441	3111	1959	875	342
12188	1616	428	786	382
12139	1679	429	748	350
12519	1533	352	670	287
11294	1649	429	598	357
12724	1678	524	645	301
11635	2282	1174	956	359
12799	1926	771	630	357
11059	1607	511	602	305
10803	1362	299	810	231
13519	1881	363	2026	266
13970	1336	498	1328	253
12108	2699	1075	1114	382
12583	1189	276	952	378
11887	1886	267	1020	337
11734	1018	244	742	389
13556	1784	217	2479	340
12827	1055	193	1514	296
11420	2094	540	875	374
11328	1620	332	951	352
10677	1199	364	919	336
22160	2225	708	1027	283
34615	3142	1252	8980	315
37574	2643	1067	3790	284
29429	1992	1370	711	374
20455	1247	403	946	466
13041	1819	290	896	344
10648	911	177	891	276
11943	1751	165	2319	331
11696	935	177	1026	305
11590	1410	600	680	374
11528	1775	223	789	409
10256	920	118	756	319
11003	1687	113	774	367
11546	1142	324	999	319
11177	1353	318	910	317
11057	2032	723	822	365
21835	1485	649	717	382
22866	2806	891	708	328
21961	2816	821	625	312
18361	2546	803	639	330
11973	2080	295	794	309
11729	1832	756	829	468
11796	2296	540	575	399
16198	2151	767	590	314
16755	2411	827	575	275
12487	1620	184	2319	320
12020	1598	539	1116	308
11471	2232	819	616	403
11361	1810	399	579	400
10421	1600	219	622	289
12936	1530	196	643	282
12691	1409	133	2222	300
11329	1150	124	1270	224
14267	2336	516	866	336
13506	1628	141	798	371
13826	1075	133	680	263
11441	1896	131	838	245
19561	2542	325	8807	360
14690	1681	94	3695	454
12305	1799	489	674	437
11295	1081	140	572	343
12523	1840	73	518	260
13994	990	132	566	286
12955	1314	109	2263	282
11574	1330	72	1095	226
11659	1647	474	385	314
11523	1572	274	646	358
11192	1299	288	519	253
10213	1170	146	780	228
10520	1410	130	801	277
10179	1484	227	579	230
10391	1619	522	458	310
10549	1490	250	517	342
10065	846	116	433	289
12053	1747	199	678	275
12137	906	171	429	333
20718	2561	1152	465	310
12411	1254	546	456	359
11198	867	99	437	358
11530	1507	24	446	299
13071	966	188	536	294
13321	1657	113	1944	295
12453	865	115	984	268
21329	2130	629	619	321
24542	1171	347	415	314
11813	1244	67	374	320
11235	1365	138	372	228
13804	1340	208	1980	276
12546	1269	109	989	241
12000	2114	528	427	352
11983	954	233	490	313
12102	1618	223	485	240
12315	1082	166	667	211
25815	2935	316	8528	326
15817	1473	218	3514	233
12535	1121	405	512	478
12295	1732	81	361	351
10586	926	152	462	248
12301	2443	766	396	223
13141	1412	605	1699	285
12383	1963	498	1149	226
13191	1692	726	599	289
13573	1644	426	599	308
11709	1778	488	660	258
11278	1620	314	492	217
11106	1656	317	840	309
11740	1500	299	918	219
12313	1436	636	1460	375
12448	1969	354	519	378
10785	1165	353	503	223
11654	2190	402	578	239
15362	1375	517	411	277
20815	2206	516	478	217
20552	1795	936	564	313
20372	2092	620	533	345
15496	1657	609	603	276
11039	1418	209	588	267
13756	1539	225	1839	326
10675	1367	235	966	224
10213	2027	622	433	310
10006	1103	159	407	335
9626	1892	282	491	237
10326	1070	277	615	266
13628	1537	292	1491	323
11857	1537	199	1643	218
10482	2185	654	430	334
9860	1363	174	518	317
10276	1536	309	436	243
10924	1446	172	879	232
19197	3262	544	8823	272
13714	1307	212	3708	224
12111	1886	565	630	311
9676	1001	243	582	313
10224	1716	147	695	250
10516	924	133	648	222
13456	1862	195	2160	265
12929	1037	183	993	211
11806	2339	644	484	405
11667	1617	544	566	295
15193	2031	404	695	259
14295	1184	231	452	336
12819	1831	337	821	291
10999	1618	310	897	240
13475	1843	882	560	304
21598	2121	490	546	234
22349	1251	392	546	236
21614	1932	305	606	300
26445	1273	366	611	303
20707	2101	409	559	227
29614	1775	964	435	293
31233	2306	705	506	234
32207	1856	646	498	243
26616	2179	786	618	305
19461	1766	531	1972	323
22123	1731	517	1163	284
19835	1901	803	703	341
14320	1993	413	750	238
11695	1051	312	456	233
11358	1829	223	562	332
12370	1238	155	1541	300
17645	1748	441	1767	239
16910	2206	779	679	424
15246	1916	557	696	236
12201	1521	327	550	252
10991	1580	213	797	310
20888	3083	532	8630	281
14212	1408	236	3521	318
12114	2209	628	553	349
11126	1193	249	598	245
11240	1647	212	630	226
11161	1384	190	735	323
15936	2568	890	2145	281
10949	1423	398	961	313
10353	2019	664	496	294
9457	1824	209	601	216
10078	979	178	537	241
12419	1861	226	739	515
10479	1500	120	909	308
10486	1516	214	594	231
10933	1876	613	564	338
11211	1490	171	695	244
11313	1669	153	552	231
11348	1203	172	570	306
12120	1873	205	701	275
10424	1018	173	521	222
10942	2229	679	495	310
10753	1407	279	494	285
10600	1459	371	453	229
16215	1685	555	559	315
28884	3476	1917	2078	286
10551	1073	139	1069	239
10486	1850	548	547	307
9761	1634	108	461	228
9801	942	160	375	230
10985	1631	131	581	299
12232	1259	152	2056	281
13050	1251	149	1070	221
10801	2368	541	494	331
9972	1231	124	495	221
10096	1288	141	408	266
15487	1393	238	736	320
28831	3510	926	8289	294
24756	2243	737	3803	233
20978	1792	1075	626	305
19708	2092	606	439	232
12491	1647	103	479	228
9834	1256	122	503	305
13218	1356	108	2028	274
11876	1877	285	880	244
11447	1637	481	456	307
10752	1747	173	481	225
10090	1289	307	439	221
14196	1529	79	1224	308
11297	1676	60	986	268
10279	1026	116	703	235
10413	1892	487	493	288
9960	1767	316	513	226
14698	1665	380	555	238
25334	2039	955	598	307
22722	1952	947	602	312
16126	2462	1121	474	237
10495	1774	420	590	335
13417	971	109	541	274
12099	1608	40	482	253
10957	1179	102	510	363
11408	1457	133	1851	289
10805	1527	165	908	279
12036	1537	383	532	653
10081	1602	64	636	233
9753	1021	63	564	227
9869	1441	77	396	323
10527	1533	26	2008	278
9921	1172	84	941	242
9222	1885	509	382	340
9690	1634	151	470	244
9465	1289	182	352	229
10227	1440	68	681	305
17899	2283	227	8715	298
12775	1922	139	3421	250
10595	2073	587	410	305
10213	924	175	381	257
16835	1714	215	476	233
24096	2291	795	468	321
22658	1988	692	1926	294
17716	1811	671	778	248
11623	1759	690	1243	333
10526	1714	76	469	247
10112	1664	115	389	233
10431	966	84	463	328
10795	1742	129	752	301
10719	1693	94	553	248
10057	1574	394	441	338
9841	1458	183	426	244
11128	1659	236	412	254
10099	1358	113	588	344
10182	1730	138	497	272
10900	1244	69	406	256
10182	1668	392	378	312
11553	1923	190	676	289
9993	1199	41	338	236
9886	1616	23	361	319
11792	1301	93	2487	286
10688	1280	84	1185	240
10522	2443	468	473	347
10111	1671	83	577	243
10384	934	118	488	266
9850	1609	72	1672	317
21468	3465	297	9075	290
25326	1484	411	3677	301
22626	2314	901	535	343
19065	1794	530	528	234
12622	1711	504	563	234
10815	1805	197	491	350
12874	1770	63	2747	266
10428	1240	57	1142	235
10485	1676	472	468	374
10425	1773	285	376	227
12875	1383	248	426	266
10529	1901	303	505	353
10384	1674	84	1048	321
10911	1306	85	673	225
10381	1909	572	621	295
10279	1553	149	597	247
11411	1726	100	505	236
10974	1340	133	444	314
12735	1682	58	768	284
11379	1825	188	548	262
12614	1793	710	390	293
10651	1564	281	380	224
10204	1638	171	525	240
10325	1570	192	369	403
9666	1473	90	357	281
9762	1646	87	319	228
10747	2040	489	353	296
10008	1119	152	290	248
10750	1439	148	402	278
10957	1863	301	388	357
12675	1332	131	2478	282
11411	1735	220	1150	232
12885	2864	977	474	542
11611	1778	643	598	231
14560	1815	717	551	247
22124	2717	1472	791	308
19526	2791	558	8635	271
14190	1841	357	3489	265
14767	1984	669	655	318
22020	1726	444	818	225
15122	1539	403	635	245
20890	1668	400	811	315
18088	1614	394	2856	287
16040	1274	400	1239	223
17854	2578	1233	836	292
16505	2009	606	611	272
14597	1605	654	476	236
15452	1951	558	653	339
15780	2009	579	1182	298
15139	2032	598	786	229
15764	2090	1104	537	319
14887	1774	560	562	207
12269	1818	410	553	253
10491	1355	382	512	312
11011	1692	285	918	266
10723	1789	250	634	237
12098	2399	982	613	330
10088	1561	503	584	218
10791	1954	483	456	244
10256	1683	369	786	395
11244	1561	403	449	274
15060	1676	447	780	246
20734	2444	1054	1140	317
19859	1936	516	888	251
14335	1506	424	531	255
11287	1840	375	604	325
13311	1983	470	2602	298
11402	1876	296	1481	229
10284	1944	673	592	381
12117	1705	411	587	224
10865	1753	417	482	247
11188	1647	407	677	306
18269	3044	622	8496	276
13488	1869	460	3571	215
10634	2039	670	578	314
11093	1848	459	533	229
11326	1414	307	485	226
10289	1744	323	487	318
12256	1765	320	2777	279
11851	1972	522	1149	222
11208	1702	756	469	296
11031	1767	393	594	220
10879	1673	391	485	293
10623	1650	300	438	299
11445	1340	299	1099	274
10992	1726	303	651	214
10463	2033	688	459	296
11461	1923	454	576	220
10897	1423	424	519	243
11679	2045	572	611	301
11613	1926	412	835	286
11529	1969	419	830	329
10840	1945	650	503	317
10903	1569	254	663	209
10648	1834	318	741	228
10627	1740	238	687	306
10817	1607	273	615	263
10818	1647	235	470	250
10471	2003	576	472	296
12852	1572	229	475	271
10486	1396	260	659	282
11672	1470	233	682	325
14318	1658	220	2674	285
11784	1707	246	1202	235
12166	2156	611	512	324
13013	1652	359	901	236
12412	1960	381	825	225
12572	1770	240	826	333
20556	3031	542	8519	269
16645	1779	420	3477	225
15530	2262	830	429	352
14389	1944	439	402	453
13302	1699	473	441	252
14864	1869	583	457	304
19695	1857	393	2652	276
15456	1908	436	1151	227
11622	2086	767	493	322
11899	1575	332	502	230
10873	1823	307	471	269
12613	1866	357	499	348
21688	2109	520	1250	277
21880	1814	711	860	213
21926	2406	922	560	305
20711	2207	658	594	333
13451	1886	420	479	232
11676	1834	462	545	296
11489	1699	351	1291	304
10921	1770	285	650	235
11032	2169	715	521	303
11396	1878	439	533	243
10536	1653	433	545	233
11401	1930	405	530	305
13588	1706	39	605	293
12796	1561	99	561	279
10523	1726	416	633	315
11971	1927	227	655	256
10738	1655	101	579	368
10255	1348	58	594	314
12658	1504	189	2701	301
10319	1668	128	1243	210
20938	2866	919	558	321
21918	1894	890	668	244
21466	2396	938	604	281
16687	2349	808	855	378
19419	3216	384	8826	339
13697	1600	104	3550	221
10305	2292	682	720	300
15748	1933	287	554	209
21902	2410	952	513	222
10881	1608	221	553	300
13001	1804	199	2811	278
11678	1767	196	1160	237
13903	2229	1108	460	287
13733	2450	875	468	245
17299	2658	1130	670	235
38931	2465	943	531	301
62038	2060	824	1184	288
61732	2363	751	673	257
59365	2635	1069	681	394
54242	1724	668	486	308
48174	1855	339	542	299
48877	1951	428	535	392
53914	1923	488	862	373
60699	2411	1083	672	441
57212	3003	1108	1480	392
57135	1923	756	1401	358
58882	2329	705	3023	327
51675	2186	948	811	437
51404	2247	560	797	410
55591	1989	385	721	323
52124	2052	900	810	410
55440	2215	484	618	320
51993	2041	424	661	333
52782	2046	685	1333	384
58032	1885	422	3187	331
49807	1957	346	1559	289
48887	2923	1031	877	375
53736	2210	967	940	321
57575	2362	820	1111	338
68820	2748	1210	963	418
67501	4075	1216	8562	377
61335	2494	928	3645	283
59570	2707	1254	520	392
54164	2432	751	571	251
51258	1695	488	656	327
47343	2000	300	835	458
50296	2052	376	2726	381
47289	1885	437	1373	325
48541	2150	752	577	422
46068	2042	347	720	334
49020	2037	334	715	367
49551	1792	513	618	481
59580	2466	856	1154	492
66554	2560	945	695	355
69692	2551	1559	668	428
61749	2991	1416	600	294
45987	2056	601	556	302
47445	1563	405	849	379
46897	1982	347	887	394
46523	2034	423	702	305
47826	2080	765	604	565
60460	2635	1069	553	344
59719	2644	1101	826	362
58934	2239	1050	550	433
52406	2874	1343	492	341
46478	1918	375	526	276
48660	2041	629	528	379
47987	1563	297	752	253
45768	2432	634	535	271
47861	2240	457	725	469
51575	1553	296	4721	331
49297	1852	274	1980	340
48440	3130	1062	676	525
46671	1739	176	805	419
47321	1664	242	661	383
48507	1763	181	1273	447
64367	3323	465	16167	360
51973	1750	229	6409	293
47530	2302	663	808	350
47473	1670	136	754	313
48770	1850	243	734	313
48566	1550	181	607	662
51354	1790	98	4933	314
49164	2560	662	2118	268
47065	2178	657	613	337
50301	2379	949	766	273
48213	2198	498	587	251
50392	2221	443	623	312
48480	1620	144	1797	299
48442	1560	90	929	231
46992	2119	499	541	313
47104	1892	167	669	202
48296	1402	223	1028	254
46565	1946	289	594	318
47813	1893	252	1127	323
48112	1724	153	728	231
47589	1669	476	622	304
50433	1925	258	516	204
52915	1897	182	501	231
50935	1858	218	515	350
44480	1441	240	577	310
46530	1820	143	520	258
45522	1953	500	542	307
48465	1613	124	535	237
47705	1343	108	612	255
48367	1674	115	773	387
48302	1733	145	2682	326
48099	1555	114	1228	227
42678	2352	517	503	309
47363	1856	335	613	240
48044	2031	397	487	245
48235	1304	118	791	313
53539	3252	435	8406	302
48824	1558	240	3470	226
49316	2013	589	750	318
46919	1674	207	446	232
49123	2019	279	569	269
51802	1588	168	526	325
50157	1839	104	2687	296
48255	2166	321	2064	301
59410	2696	1668	1111	372
51413	1777	205	1577	270
56926	2179	421	562	360
55160	1699	403	583	380
55247	2213	431	1329	305
48190	2158	284	643	244
52137	1744	540	509	344
62224	1924	383	532	238
58924	2119	314	514	235
62519	1688	317	539	319
56201	2070	242	909	319
48441	1723	140	611	335
48025	1636	547	605	329
44558	1833	186	541	228
47003	1633	238	426	262
47125	1609	136	707	333
46168	1343	87	527	348
47265	1223	90	640	293
48672	2000	412	664	322
45468	1323	159	592	215
44848	1560	78	698	251
44899	1330	17	577	326
47832	1417	191	2666	302
46749	1670	67	1262	293
48224	2346	519	655	351
48437	1406	223	761	268
47745	1956	265	614	268
48079	1460	210	954	338
57253	3382	427	8391	300
52705	1488	145	3876	226
42425	1984	735	619	296
42717	1869	292	911	241
63517	2128	914	765	226
54977	2375	769	932	356
55865	2420	1109	2866	364
47942	2204	1082	1211	268
42842	2710	817	690	359
27260	1924	673	598	264
14711	2360	789	641	267
12291	1801	389	805	350
11378	1244	264	1273	348
11485	1960	363	837	272
11980	1889	720	613	346
11057	2162	520	663	321
10094	1838	502	561	320
11046	1918	900	566	388
11349	2101	508	1301	372
17386	1887	545	780	360
30929	3047	1706	898	444
32227	2080	890	796	337
30151	1868	736	1680	372
19908	2233	710	714	529
13380	1761	447	543	447
11471	1704	399	621	439
12248	2413	1311	520	405
10518	1724	620	501	281
10769	2009	455	522	266
11716	1771	473	713	356
14198	1636	500	3505	343
12029	1912	268	1446	322
12302	2427	755	556	373
12302	2277	531	704	304
10558	1634	460	796	288
10893	1935	707	909	372
17964	3338	564	8489	344
13648	2062	620	3516	281
14346	2377	770	435	376
22381	1452	592	506	260
23862	2269	772	454	258
19943	2343	771	637	354
19107	1826	578	4925	371
13822	2170	615	2050	286
14474	2169	1196	577	369
11444	1955	562	564	261
10798	2208	605	641	268
11107	1702	484	684	367
11727	1783	471	1997	326
11522	1967	457	1050	292
15930	2095	947	667	340
12218	1945	288	1132	402
11668	1304	388	741	395
12424	1820	254	617	362
15497	2214	545	1362	360
13078	1637	355	1118	356
11008	2077	850	1144	382
12378	2638	931	726	348
13662	1762	506	781	295
10962	2115	490	834	340
11094	1543	458	795	383
10640	1853	170	831	304
11784	1966	742	1089	389
10308	1525	293	818	246
10519	1642	177	689	240
11152	1724	293	671	327
13945	1467	179	4761	288
12306	1393	171	2075	242
10773	2936	763	860	351
12660	1248	327	1061	244
22844	2475	963	741	286
22797	2103	871	1259	304
34943	3720	1024	15864	299
18087	2124	630	6216	237
10777	1917	663	727	295
9547	1999	399	613	219
9673	1097	132	753	224
9881	1820	143	760	323
12108	1488	219	2999	275
10185	1450	212	1448	265
10837	1806	646	874	309
9382	2078	459	746	249
10774	1591	368	564	223
10867	1399	145	612	326
26137	3121	1489	1193	335
11564	1160	358	677	251
10142	1992	485	635	324
9473	1473	285	693	203
9600	1459	313	493	208
9934	1758	207	493	326
10149	1303	175	861	262
9563	1602	213	742	225
9119	1489	526	599	313
9024	1932	187	1222	207
10196	1206	121	1565	237
10810	1471	129	620	324
9678	1597	102	612	298
9134	1346	60	665	247
12614	1795	560	847	321
9776	1313	136	552	200
9551	1759	199	369	238
12823	1211	326	555	332
15073	1927	271	2560	271
12607	1532	267	1122	237
12104	2287	731	503	353
11277	1565	317	500	203
9124	1804	209	476	266
9060	994	113	706	334
22767	3282	368	8621	261
12269	1420	142	3483	284
10928	1783	528	432	333
10655	1190	222	418	233
20223	1980	344	398	236
22585	1665	454	492	309
23708	1586	404	2641	271
22569	1853	478	1190	314
21950	2068	777	641	399
17888	1350	371	582	284
13292	1993	495	472	295
14828	1555	453	450	355
13450	1682	358	1041	278
12180	1548	312	643	263
10597	1845	554	672	345
11718	1561	374	523	212
13002	1838	236	541	227
23028	1357	394	490	384
25051	2135	380	1151	290
23577	1672	436	747	243
32508	2582	1430	471	323
31283	2148	1008	477	227
39830	2640	1095	446	229
33640	1801	966	517	332
25931	2243	618	513	267
17682	1619	363	482	247
24291	2497	1314	595	321
23539	1800	1042	401	234
21364	2359	943	491	248
13644	1515	586	1484	323
14726	1476	184	2739	341
20144	1649	498	1046	246
19807	2603	886	468	388
16873	1520	654	509	216
11488	1871	498	482	290
14466	1603	271	792	339
26360	2644	581	9082	386
28552	2127	457	3553	331
30899	2405	1337	762	367
25834	1798	644	416	265
23085	1785	544	388	273
24927	2609	1055	510	400
23223	1626	854	2795	361
23525	2285	879	1097	382
22750	3012	1758	664	321
25623	1642	925	573	280
25482	2388	826	483	278
25110	2179	1008	619	369
26279	2527	1107	1152	320
21599	1721	761	860	272
21027	2847	1326	598	418
18091	1690	639	549	256
13633	1894	659	534	236
12933	1949	786	469	326
13311	2090	585	1262	273
11973	1342	463	1028	317
14774	2483	1353	1090	276
13758	2251	675	990	242
14996	2012	574	794	291
20375	2329	982	865	430
13874	1999	780	812	373
14363	2316	696	922	353
14092	2594	1457	1007	378
13343	2015	826	848	418
13036	2246	931	1315	195
13942	2386	862	1224	348
14936	2232	755	3888	371
13032	1999	818	1627	366
12860	2829	900	1073	394
15563	1749	415	996	268
13989	2065	423	1010	280
13935	1468	317	1023	345
19998	3064	417	9310	312
14177	1733	175	3819	314
10995	2329	732	782	368
10822	1502	342	672	287
10838	1401	198	448	299
11307	1661	440	485	384
25473	2254	663	2659	382
11609	2190	686	1063	284
10976	2308	1030	548	375
10919	1866	299	503	251
20398	1939	716	445	277
26451	2519	1140	542	403
15130	1923	720	1017	361
10324	1798	541	759	313
10948	1966	800	763	392
10291	2224	528	691	317
20935	3124	1910	1131	390
18350	4258	2969	688	603
11023	2260	867	818	395
17987	2081	934	800	580
20370	3231	1179	630	524
21649	2484	934	702	422
19890	2763	940	1488	547
15800	2357	657	639	668
11035	2813	766	662	603
10700	2284	374	644	315
13059	2528	884	623	438
11281	2315	245	959	467
11134	2299	269	658	310
10999	2295	549	555	367
23459	2422	482	2412	324
23881	2177	399	1380	307
23684	2829	1078	563	337
14281	2032	247	681	216
11025	1620	186	696	250
10092	1606	289	867	354
18367	3262	343	8079	273
14326	1745	122	4455	239
11192	2120	583	912	336
10373	1866	129	589	233
10066	1502	119	552	228
10237	1843	122	564	322
11732	1844	201	1767	331
10523	1233	87	2127	228
11645	2112	577	525	335
11121	1776	328	625	220
10258	1419	235	681	245
10771	1862	149	666	313
10630	1790	93	1072	283
9606	1746	332	718	298
9933	2156	496	776	363
12086	1908	217	556	232
10151	1373	224	627	249
10235	1875	251	517	308
10510	1688	128	870	304
23840	1177	81	711	250
27261	1833	427	593	353
26131	1555	161	565	224
26409	1238	58	411	237
27544	1649	87	696	299
26805	1673	63	486	303
26810	1226	138	514	242
28125	2009	509	523	315
18680	1716	186	492	201
10135	1504	94	480	252
10362	1471	81	558	308
12208	1774	97	2449	278
12645	1670	81	1451	280
10576	2220	549	566	337
9838	1616	183	509	209
9546	1698	164	591	233
9816	1580	54	803	299
17578	2573	261	7968	275
14241	1996	84	4430	252
11167	2158	627	613	317
9186	1344	112	473	228
9849	1565	86	427	234
10216	1675	128	441	330
11115	1709	168	2557	277
11407	1171	44	2894	228
16907	2429	950	540	319
18300	2236	685	464	228
18677	1826	654	474	245
19093	2392	746	484	336
15106	2111	441	1147	307
11403	1552	157	956	273
10481	1978	575	574	339
16281	1738	268	641	243
24353	1851	406	731	249
24775	1798	494	584	327
19130	2054	412	910	340
13544	2044	379	735	239
14272	2321	1048	678	311
30092	3166	1567	591	221
37297	3222	1615	622	273
36116	2104	874	643	328
28688	1999	512	1885	297
16367	1785	296	2791	255
11855	1785	466	723	325
11638	1544	191	588	377
13226	1711	157	663	271
12579	1767	74	693	330
11312	1247	154	2460	297
11438	1685	106	1572	247
11037	2793	544	817	391
10449	1431	172	673	248
9940	1562	199	760	291
10191	1564	76	790	341
18870	3142	296	7902	462
14481	1574	88	4473	238
12323	2290	1278	714	405
11335	1804	258	710	236
10754	1889	368	584	242
11491	2313	654	642	362
15691	1379	198	1737	290
12818	1795	260	2206	253
11980	2365	815	610	315
10970	1903	352	550	401
10521	1841	514	717	281
11572	1738	399	487	365
12376	2139	570	1069	296
14042	2277	673	834	295
12047	2726	1260	531	366
13671	1845	643	758	285
11500	2430	871	634	261
11765	1888	221	650	406
12900	2198	378	871	381
11360	1874	328	1026	282
18014	2396	984	521	421
28193	2726	1085	592	247
13859	2241	562	519	267
13722	1665	523	682	339
22952	2816	1228	569	317
31753	2526	1191	563	234
35513	3301	2128	570	262
31529	3382	1779	645	209
19418	2904	1381	529	246
13571	2348	1046	815	353
13175	2299	714	2457	276
12684	1866	361	1699	332
12398	2652	865	713	374
11052	2187	527	906	220
11495	1955	426	736	242
11198	1707	388	935	389
17073	3348	474	7968	336
15071	1981	331	4676	280
12039	2459	944	866	377
20202	2512	859	742	287
20982	2349	1014	682	314
21730	2791	1184	621	352
17545	2202	592	1884	331
14838	1797	371	2278	314
11457	2149	685	637	393
13421	1937	266	857	298
10871	1633	198	822	298
10950	1646	308	874	377
11807	1895	495	1248	302
10671	1865	484	1008	301
11529	1943	725	878	339
11035	1984	354	789	260
11092	2038	592	748	241
10043	2007	612	766	320
10670	1810	172	993	320
10586	1609	374	925	259
9953	2337	860	693	337
9931	2379	765	706	219
12746	1677	611	938	259
11743	2003	579	667	318
12776	2018	410	791	311
13526	2209	745	1053	259
11794	2339	925	1258	283
10459	2157	485	581	233
10117	2148	539	793	246
10783	1852	573	553	329
12077	1893	298	2443	336
12057	2292	546	1589	299
11913	2556	1170	654	364
10493	1921	247	734	225
11180	2017	385	869	350
14143	1784	402	1275	333
19961	3125	386	8121	273
16711	1922	273	4343	253
13127	2186	646	750	339
10113	1421	235	578	246
10160	1813	221	644	255
10391	1938	323	682	340
11119	1894	609	1813	293
11719	1936	432	2301	357
9595	2435	905	619	350
10059	1941	386	1646	246
9190	1454	315	746	249
9440	1704	136	584	313
9110	1713	210	1185	289
10469	1389	163	871	242
8678	1998	748	837	314
8879	1806	333	1453	212
9681	1805	256	2933	220
12397	1304	209	3842	318
24206	2248	889	3216	279
24489	2286	891	3096	247
23948	2467	1401	506	323
16016	1550	238	692	267
9411	1646	110	517	239
11120	1830	113	537	337
8872	1241	113	509	306
9268	1612	110	580	257
9516	2003	568	518	328
8949	1543	329	458	207
10837	1768	220	497	241
9758	1595	75	639	639
11221	1289	157	2551	333
9839	1603	98	1456	295
8957	2320	544	604	347
8905	1699	296	758	207
9451	1604	339	544	271
11752	1682	172	839	322
17250	3291	410	7790	283
15626	1562	195	4406	248
10083	2392	914	622	392
10178	1701	132	525	266
9403	1269	129	505	243
9790	1831	288	526	323
10274	1688	105	1742	271
10637	1491	121	2022	317
9607	1814	543	586	388
8592	1607	163	515	228
9494	1406	169	479	366
9555	1389	114	472	332
11157	1728	131	1133	356
10464	1756	134	849	315
10084	1687	418	554	274
9862	1799	166	626	221
14484	1843	218	602	348
23067	1949	719	749	326
24348	2142	792	809	289
20022	2203	781	731	248
13355	2350	878	548	244
9974	1840	300	645	231
10003	1366	229	645	353
10885	1660	70	683	321
10384	1724	151	619	297
21624	2985	1430	576	291
18607	2368	1245	570	252
12971	1882	258	654	222
10506	1735	186	540	316
9766	1757	139	784	352
13621	1390	105	2561	464
11604	1891	222	1399	276
11168	2661	803	597	337
10432	2074	330	761	357
9409	1432	216	623	372
11094	1810	175	867	335
17832	3140	231	8070	301
15679	1934	142	4445	273
11487	1784	645	759	276
11250	1722	118	701	339
10913	1705	66	605	331
13568	1814	164	552	328
13327	1454	200	1849	299
12104	1760	181	2346	238
13256	2581	705	554	233
11545	1982	442	692	205
11781	1994	406	699	309
11666	1636	222	899	368
11749	1896	260	1152	272
12157	1841	202	686	263
11721	2115	692	1849	236
10507	1854	404	1155	376
11402	2481	430	862	302
12172	2391	369	473	301
16293	2269	401	769	266
16633	1758	400	735	232
36945	3785	2150	725	265
35327	3332	1468	813	220
33120	3229	1332	674	323
26313	2946	1236	708	413
16097	1875	589	571	324
11466	2058	429	642	225
11244	2478	896	493	245
10491	2380	928	735	223
10291	2031	708	484	307
9937	1636	294	529	313
11882	1836	263	2373	262
11347	1874	227	1356	681
10993	2584	713	715	555
10795	1639	278	914	208
10711	1961	375	533	321
11295	1798	206	855	312
17825	3545	416	8025	276
15085	1670	234	4319	247
20649	1949	693	764	265
10840	1651	123	688	221
10214	1685	194	637	294
10911	1954	219	681	329
12839	1856	225	2034	265
11776	1513	209	2191	235
10554	2166	640	897	248
11304	2027	427	884	254
12645	1691	296	685	305
10826	1648	218	952	326
10951	1867	239	1338	302
10713	1981	266	1078	228
10959	2108	705	838	235
11139	2276	707	864	209
11292	1940	309	788	372
10780	1893	240	712	307
11697	1777	135	1026	274
10788	1578	121	900	402
11359	2117	497	818	338
10982	1803	236	1028	215
11720	2127	326	587	299
10023	1522	178	1053	341
10002	1766	192	1230	274
10017	1848	244	821	253
10311	2206	659	751	234
9593	1668	277	779	220
11547	1579	218	740	302
9777	1803	251	754	344
11326	1960	242	2585	278
11275	2044	370	1690	240
10941	2156	721	819	349
10188	1789	221	855	219
11196	1814	263	789	305
10256	1932	408	1006	308
17225	2651	381	8058	264
14519	2219	187	4553	242
9744	2156	653	869	232
9894	1946	213	719	221
9218	1608	169	964	293
10027	1702	174	748	305
10756	1889	315	1970	371
10798	1839	307	2220	241
10152	1940	655	867	256
9345	1646	341	834	277
14583	2212	631	621	355
17920	2222	627	959	316
20435	2319	751	1115	291
20025	1963	627	672	246
19506	2862	1225	1067	238
13700	2024	493	785	231
11236	1686	183	442	295
8712	1314	230	449	309
9034	1719	278	701	373
13404	1689	152	562	226
17924	2074	650	413	274
18500	1571	281	404	218
18326	1660	223	461	302
13584	1874	266	602	364
10874	1758	145	568	290
19638	1731	189	539	259
17853	1677	593	553	236
18877	1810	299	535	216
18500	1783	304	481	296
18057	1815	308	574	319
25224	2779	1226	2533	285
11577	1449	173	1472	254
10117	2574	542	573	295
10069	1930	286	823	258
23588	2038	300	616	380
11155	1561	226	735	321
17367	3137	230	8206	379
13100	1757	121	4240	227
9286	1977	528	650	255
9437	1780	138	599	224
8986	1448	193	511	310
9717	1810	193	504	324
9806	1761	115	1836	292
10561	1785	152	2068	216
12008	2207	859	685	247
9621	1558	116	650	250
9667	1818	137	597	322
9506	1760	172	542	320
11248	1665	177	1099	296
11189	1451	64	905	252
10960	2108	541	685	292
11948	1962	321	688	231
9684	1848	242	570	322
10105	1692	340	640	322
10141	1775	129	824	268
10258	1729	103	982	255
9884	2191	617	599	272
8918	1338	225	647	234
9509	1889	248	485	322
9797	1790	196	654	323
10134	1727	158	695	273
9602	1764	109	560	270
10644	1689	456	602	227
10877	1725	149	727	253
10190	1816	125	736	311
10763	1917	101	557	309
11166	1883	137	3044	372
10790	1601	136	2120	282
10409	2331	541	622	326
9705	1816	252	654	215
10163	2368	798	709	360
9449	1927	391	885	350
15168	2940	455	5614	312
15502	1937	187	6382	242
10234	2231	772	1262	242
10835	1713	202	644	256
9466	1644	140	592	342
12095	1578	151	590	311
10693	1626	232	1903	274
18597	1954	405	2137	253
24514	2757	1271	899	256
28179	2499	1141	735	355
23128	2559	1239	538	330
23575	2253	960	563	340
22647	2283	732	1125	260
17357	2367	840	730	227
11731	2345	811	552	238
10921	1637	206	678	218
10354	1566	174	619	308
12070	1766	208	771	363
13869	1818	173	981	295
11791	1869	189	836	234
12776	2524	868	644	242
12533	1560	307	672	227
10171	1852	280	827	352
9782	1881	290	674	376
11359	1819	240	754	332
18146	1878	366	501	269
17992	1993	827	608	328
18645	1759	333	613	353
11353	1854	301	558	526
11534	1828	261	753	453
12992	2012	404	2659	339
11541	1773	322	1661	272
10810	2376	649	800	273
11666	2112	412	936	206
14037	2202	369	988	319
10701	2153	486	1153	369
17950	3576	589	7956	371
14338	1489	209	4443	332
13344	2092	594	790	327
11393	1760	209	741	290
11169	1806	287	591	376
10634	1785	192	697	344
10881	1246	109	1922	263
12394	1747	176	2163	258
10152	2123	533	720	241
9437	1721	182	732	213
9508	1688	139	620	319
9907	1425	152	694	328
9815	1652	148	1265	259
10184	1787	181	818	244
10445	2213	621	632	237
12698	1765	101	824	213
10466	1460	83	671	311
10556	1474	116	687	324
10521	1659	83	991	305
12546	1746	191	1184	252
11885	2003	466	787	296
10378	1682	168	711	206
10305	1444	234	668	327
10753	1859	214	753	309
9935	1740	146	758	318
9656	1856	287	1050	241
9798	2143	604	609	240
11361	1428	188	725	232
10144	1652	163	628	311
9881	1851	155	664	309
11962	1883	163	2477	279
9709	1814	123	1574	225
16582	2466	994	681	272
39975	3461	2017	743	226
32949	2731	1457	590	315
26552	2262	985	760	331
26980	3279	960	7795	299
16152	2050	710	4457	234
10957	2293	966	848	240
10746	2025	785	582	205
12181	1953	681	693	308
11698	1659	762	658	316
13578	2016	750	1885	272
13055	1906	740	2371	230
11267	2327	1117	648	268
11824	2198	854	635	239
11077	1938	962	593	301
11164	2263	867	649	337
12085	2119	761	1338	282
12082	2028	749	806	253
14188	2024	1148	528	235
12411	2206	960	828	229
12531	2382	1209	588	343
12190	2270	1054	572	352
12181	1966	852	936	270
12141	1911	1040	688	228
12310	2531	1361	645	354
11973	2101	970	732	246
12059	2185	1002	586	350
11558	1788	1091	520	328
11613	2087	916	588	326
7894	1627	67	483	248
8675	1934	446	497	262
8942	1470	165	566	229
9946	1435	129	509	316
8302	1642	105	524	319
12525	1741	205	2385	310
11648	1843	265	1423	232
10112	2290	768	641	261
10923	2037	464	569	211
9784	1988	420	669	314
8487	1778	179	859	324
15585	2837	347	7827	291
12711	1819	164	4196	388
8128	1851	425	509	245
8114	1626	63	764	211
8272	1193	130	691	317
7734	1675	168	574	332
10047	1609	68	1794	331
9260	1588	38	2065	239
7965	1531	491	522	230
8797	1735	281	543	230
12430	1910	371	540	361
14961	1958	386	748	351
14837	1831	454	1014	296
14196	2002	347	645	229
17089	2269	630	449	243
14278	2153	362	524	238
12906	1871	398	556	304
13024	1931	448	640	299
11763	2015	474	962	327
10326	1875	265	745	260
9481	1952	396	520	261
9859	1460	237	627	243
12962	1978	381	1423	314
13412	1996	285	733	318
13425	2042	311	639	270
13163	2021	457	506	233
12916	1871	722	594	234
13795	2053	362	863	219
13506	2089	384	1001	331
13146	2122	450	1072	322
17238	2112	371	2934	312
11657	1654	206	1638	271
8904	2232	575	543	273
9050	1653	51	653	225
9033	1716	128	548	320
9577	1725	79	833	328
16748	3030	281	8022	297
12144	1546	58	4321	232
8955	2164	633	741	235
7326	1578	60	582	272
7452	1650	117	570	328
8318	1281	90	727	345
10165	1583	97	2055	291
9878	1605	115	2207	257
8783	1991	486	667	243
8715	1799	253	688	227
9262	1673	179	710	337
10508	1828	240	818	327
10321	1875	152	1124	274
9767	1812	112	866	240
9755	2274	684	709	225
8894	1424	202	828	207
9366	1664	122	635	329
